/*
SQLyog Ultimate v10.00 Beta1
MySQL - 5.5.16 : Database - Event_labs_db
*********************************************************************
*/

/*!40101 SET NAMES utf8 */;

/*!40101 SET SQL_MODE=''*/;

/*!40014 SET @OLD_UNIQUE_CHECKS=@@UNIQUE_CHECKS, UNIQUE_CHECKS=0 */;
/*!40014 SET @OLD_FOREIGN_KEY_CHECKS=@@FOREIGN_KEY_CHECKS, FOREIGN_KEY_CHECKS=0 */;
/*!40101 SET @OLD_SQL_MODE=@@SQL_MODE, SQL_MODE='NO_AUTO_VALUE_ON_ZERO' */;
/*!40111 SET @OLD_SQL_NOTES=@@SQL_NOTES, SQL_NOTES=0 */;
CREATE DATABASE /*!32312 IF NOT EXISTS*/`Event_labs_db` /*!40100 DEFAULT CHARACTER SET latin1 */;

USE `Event_labs_db`;

/*Table structure for table ` login_confirmation` */

DROP TABLE IF EXISTS ` login_confirmation`;

CREATE TABLE ` login_confirmation` (
  `login_cnf_id` bigint(20) NOT NULL AUTO_INCREMENT,
  `login_id` bigint(20) DEFAULT NULL,
  `random_generated_key` varchar(100) DEFAULT NULL,
  `is_confirmLink_activate` int(10) DEFAULT NULL,
  `created_on` timestamp NOT NULL DEFAULT CURRENT_TIMESTAMP ON UPDATE CURRENT_TIMESTAMP,
  `modified_on` timestamp NOT NULL DEFAULT '0000-00-00 00:00:00',
  PRIMARY KEY (`login_cnf_id`)
) ENGINE=InnoDB DEFAULT CHARSET=latin1;

/*Data for the table ` login_confirmation` */

/*Table structure for table `city` */

DROP TABLE IF EXISTS `city`;

CREATE TABLE `city` (
  `city_id` bigint(20) NOT NULL,
  `city_name` varchar(100) DEFAULT NULL,
  `country_id` bigint(20) DEFAULT NULL,
  `created_by` varchar(100) DEFAULT NULL,
  `created_on` timestamp NOT NULL DEFAULT CURRENT_TIMESTAMP ON UPDATE CURRENT_TIMESTAMP,
  `modified_on` timestamp NOT NULL DEFAULT '0000-00-00 00:00:00',
  `modified_by` varchar(100) DEFAULT NULL,
  `is_active` int(10) DEFAULT NULL,
  PRIMARY KEY (`city_id`)
) ENGINE=InnoDB DEFAULT CHARSET=latin1;

/*Data for the table `city` */

insert  into `city`(`city_id`,`city_name`,`country_id`,`created_by`,`created_on`,`modified_on`,`modified_by`,`is_active`) values (1,'Adelaid',1,'Amit kumar','2017-11-02 08:14:20','2017-11-02 08:14:20','Amit kumar',1),(2,'Melbourne',1,'Amit kumar','2017-11-02 08:14:20','2017-11-02 08:14:20','Amit kumar',1),(3,'Perth',1,'Amit kumar','2017-11-02 08:14:20','2017-11-02 08:14:20','Amit kumar',1),(4,'Sydney',1,'Amit kumar','2017-11-02 08:14:20','2017-11-02 08:14:20','Amit kumar',1),(5,'Ahmedabad',2,'Amit kumar','2017-11-02 08:18:04','2017-11-02 08:18:04','Amit kumar',1),(6,'Bangalore',2,'Amit kumar','2017-11-02 08:18:04','2017-11-02 08:18:04','Amit kumar',1),(7,'Chennai',2,'Amit kumar','2017-11-02 08:18:04','2017-11-02 08:18:04','Amit kumar',1),(8,'Delhi',2,'Amit kumar','2017-11-02 08:18:04','2017-11-02 08:18:04','Amit kumar',1),(9,'Hangzhou',3,'Amit kumar','2017-11-02 08:18:04','2017-11-02 08:18:04','Amit kumar',1),(10,'Jinan',3,'Amit kumar','2017-11-02 08:18:04','2017-11-02 08:18:04','Amit kumar',1),(11,'Shanghai',3,'Amit kumar','2017-11-02 08:18:04','2017-11-02 08:18:04','Amit kumar',1),(12,'Beijing',3,'Amit kumar','2017-11-02 08:18:04','2017-11-02 08:18:04','Amit kumar',1);

/*Table structure for table `country` */

DROP TABLE IF EXISTS `country`;

CREATE TABLE `country` (
  `country_id` bigint(20) NOT NULL AUTO_INCREMENT,
  `country_name` varchar(100) DEFAULT NULL,
  `country_code` varchar(100) DEFAULT NULL,
  `created_on` timestamp NOT NULL DEFAULT CURRENT_TIMESTAMP ON UPDATE CURRENT_TIMESTAMP,
  `created_by` varchar(100) DEFAULT NULL,
  `modified_on` timestamp NOT NULL DEFAULT '0000-00-00 00:00:00',
  `modified_by` varchar(100) DEFAULT NULL,
  PRIMARY KEY (`country_id`)
) ENGINE=InnoDB AUTO_INCREMENT=4 DEFAULT CHARSET=latin1;

/*Data for the table `country` */

insert  into `country`(`country_id`,`country_name`,`country_code`,`created_on`,`created_by`,`modified_on`,`modified_by`) values (1,'Australia','','2017-11-02 08:08:18','Amit kumar','2017-11-02 08:08:18','Amit kumar'),(2,'India','','2017-11-02 08:09:07','Amit kumar','2017-11-02 08:09:07','Amit kumar'),(3,'chin','','2017-11-02 08:09:07','Amit kumar','2017-11-02 08:09:07','Amit kumar');

/*Table structure for table `event_categorys` */

DROP TABLE IF EXISTS `event_categorys`;

CREATE TABLE `event_categorys` (
  `event_category_id` bigint(20) DEFAULT NULL,
  `category_name` varchar(100) DEFAULT NULL,
  `category_description` varchar(500) DEFAULT NULL,
  `created_by` varchar(100) DEFAULT NULL,
  `created_on` timestamp NOT NULL DEFAULT CURRENT_TIMESTAMP ON UPDATE CURRENT_TIMESTAMP,
  `modified_by` varchar(100) DEFAULT NULL,
  `modified_on` timestamp NOT NULL DEFAULT '0000-00-00 00:00:00',
  `is_active` int(10) DEFAULT NULL
) ENGINE=InnoDB DEFAULT CHARSET=latin1;

/*Data for the table `event_categorys` */

/*Table structure for table `event_details` */

DROP TABLE IF EXISTS `event_details`;

CREATE TABLE `event_details` (
  `event_id` bigint(20) NOT NULL AUTO_INCREMENT,
  `login_id` bigint(20) DEFAULT NULL,
  `event_category_id` bigint(20) DEFAULT NULL,
  `city_id` bigint(20) DEFAULT NULL,
  `event_image_id` bigint(20) DEFAULT NULL,
  `event_video_id` bigint(20) DEFAULT NULL,
  `event_name` varchar(100) DEFAULT NULL,
  `event_start_on` varchar(30) DEFAULT NULL,
  `event_end_on` varchar(30) DEFAULT NULL,
  `event_location` varchar(200) DEFAULT NULL,
  `event_lat` varchar(50) DEFAULT NULL,
  `event_long` varchar(50) DEFAULT NULL,
  `created_on` timestamp NOT NULL DEFAULT '0000-00-00 00:00:00',
  `created_by` varchar(100) DEFAULT NULL,
  `modified_on` timestamp NOT NULL DEFAULT '0000-00-00 00:00:00',
  `modified_by` varchar(100) DEFAULT NULL,
  `is_active` int(20) DEFAULT NULL,
  PRIMARY KEY (`event_id`)
) ENGINE=InnoDB AUTO_INCREMENT=11 DEFAULT CHARSET=latin1;

/*Data for the table `event_details` */

insert  into `event_details`(`event_id`,`login_id`,`event_category_id`,`city_id`,`event_image_id`,`event_video_id`,`event_name`,`event_start_on`,`event_end_on`,`event_location`,`event_lat`,`event_long`,`created_on`,`created_by`,`modified_on`,`modified_by`,`is_active`) values (1,1,1,1,NULL,NULL,'Testing for first event','04-Nov-2017 07:03','04-Nov-2017 07:03',NULL,'lat','long','2017-11-04 07:03:49','username','2017-11-04 07:03:49','user nate',NULL),(2,1,2,2,NULL,NULL,'Test 2nd event','04-Nov-2017 07:57','11-Nov-2017 07:57',NULL,'lat','long','2017-11-04 07:57:39','username','2017-11-04 07:57:39','user nate',NULL),(3,1,1,2,NULL,NULL,'third event','04-Nov-2017 08:31','03-Nov-2017 08:32',NULL,'lat','long','2017-11-04 08:33:10','username','2017-11-04 08:33:10','user nate',NULL),(4,1,2,1,NULL,NULL,'Test','04-Nov-2017 14:41','03-Nov-2017 14:41',NULL,'lat','long','2017-11-04 14:41:59','username','2017-11-04 14:41:59','user nate',NULL),(5,1,1,2,NULL,NULL,'Test1','04-Nov-2017 15:31','10-Nov-2017 15:31',NULL,'lat','long','2017-11-04 15:32:43','username','2017-11-04 15:32:43','user nate',NULL),(6,1,1,1,NULL,NULL,'Test','03-Nov-2017 20:37','11-Nov-2017 20:37',NULL,'lat','long','2017-11-04 20:37:36','username','2017-11-04 20:37:36','user nate',NULL),(7,1,2,4,NULL,NULL,'Test','03-Nov-2017 20:41','03-Nov-2017 20:41',NULL,'lat','long','2017-11-04 20:41:46','username','2017-11-04 20:41:46','user nate',NULL),(8,6,0,4,NULL,NULL,'Test','01-Nov-2017 20:49','02-Nov-2017 20:49',NULL,'lat','long','2017-11-04 20:49:54','username','2017-11-04 20:49:54','user nate',NULL),(9,6,3,12,NULL,NULL,'Test','03-Nov-2017 06:31','18-Nov-2017 06:31',NULL,'lat','long','2017-11-05 06:31:30','username','2017-11-05 06:31:30','user nate',NULL),(10,6,1,5,NULL,NULL,'Test','04-Nov-2017 13:17','03-Nov-2017 13:17',NULL,'lat','long','2017-11-05 13:17:59','username','2017-11-05 13:17:59','user nate',NULL);

/*Table structure for table `event_images` */

DROP TABLE IF EXISTS `event_images`;

CREATE TABLE `event_images` (
  `event_image_id` bigint(20) NOT NULL AUTO_INCREMENT,
  `event_id` bigint(20) DEFAULT NULL,
  `image_url` varchar(100) DEFAULT NULL,
  `created_on` timestamp NULL DEFAULT CURRENT_TIMESTAMP ON UPDATE CURRENT_TIMESTAMP,
  `created_by` varchar(100) DEFAULT NULL,
  `modified_on` timestamp NULL DEFAULT '0000-00-00 00:00:00',
  `modified_by` varchar(100) DEFAULT NULL,
  `is_active` int(10) DEFAULT NULL,
  PRIMARY KEY (`event_image_id`)
) ENGINE=InnoDB AUTO_INCREMENT=11 DEFAULT CHARSET=latin1;

/*Data for the table `event_images` */

insert  into `event_images`(`event_image_id`,`event_id`,`image_url`,`created_on`,`created_by`,`modified_on`,`modified_by`,`is_active`) values (1,1,'1509759229575IMG-20151122-WA0000.jpg','2017-11-04 07:03:49','Amit Kumar','2017-11-04 07:03:49','Amit Kumar',NULL),(2,2,'1509762459902IMG-20151212-WA0002.jpg','2017-11-04 07:57:39','Amit Kumar','2017-11-04 07:57:39','Amit Kumar',NULL),(3,3,'1509764538530IMG-20151206-WA0000.jpeg','2017-11-04 08:33:10','Amit Kumar','2017-11-04 08:33:10','Amit Kumar',NULL),(4,4,'1509786719654IMG-20151126-WA0000.jpg','2017-11-04 14:41:59','Amit Kumar','2017-11-04 14:41:59','Amit Kumar',NULL),(5,5,'1509789718919IMG-20151122-WA0000.jpg','2017-11-04 15:32:43','Amit Kumar','2017-11-04 15:32:43','Amit Kumar',NULL),(6,6,'1509808055967IMG-20151129-WA0015.jpg','2017-11-04 20:37:36','Amit Kumar','2017-11-04 20:37:36','Amit Kumar',NULL),(7,7,'1509808306323IMG-20151129-WA0001.jpg','2017-11-04 20:41:46','Amit Kumar','2017-11-04 20:41:46','Amit Kumar',NULL),(8,8,'1509808794570IMG-20151122-WA0000.jpg','2017-11-04 20:49:54','Amit Kumar','2017-11-04 20:49:54','Amit Kumar',NULL),(9,9,'1509843690158IMG-20150621-WA0001.jpg','2017-11-05 06:31:30','Amit Kumar','2017-11-05 06:31:30','Amit Kumar',NULL),(10,10,'1509868064667IMG-20150621-WA0007.jpg','2017-11-05 13:17:59','Amit Kumar','2017-11-05 13:17:59','Amit Kumar',NULL);

/*Table structure for table `event_type` */

DROP TABLE IF EXISTS `event_type`;

CREATE TABLE `event_type` (
  `event_type_id` bigint(20) NOT NULL AUTO_INCREMENT,
  `event_type_name` varchar(100) DEFAULT NULL,
  `event_type_description` varchar(500) DEFAULT NULL,
  `created_by` varchar(100) DEFAULT NULL,
  `created_on` timestamp NULL DEFAULT CURRENT_TIMESTAMP ON UPDATE CURRENT_TIMESTAMP,
  `modified_by` varchar(100) DEFAULT NULL,
  `modified_on` timestamp NULL DEFAULT '0000-00-00 00:00:00',
  `is_active` int(10) DEFAULT NULL,
  PRIMARY KEY (`event_type_id`)
) ENGINE=InnoDB AUTO_INCREMENT=2 DEFAULT CHARSET=latin1;

/*Data for the table `event_type` */

insert  into `event_type`(`event_type_id`,`event_type_name`,`event_type_description`,`created_by`,`created_on`,`modified_by`,`modified_on`,`is_active`) values (1,'Aerospace',NULL,'Amit kumar','2017-11-05 12:55:27','Amit kumar','2017-11-23 12:55:17',1);

/*Table structure for table `event_video` */

DROP TABLE IF EXISTS `event_video`;

CREATE TABLE `event_video` (
  `event_video_id` bigint(20) NOT NULL AUTO_INCREMENT,
  `event_id` bigint(20) DEFAULT NULL,
  `video_url` varchar(100) DEFAULT NULL,
  `created_on` timestamp NOT NULL DEFAULT CURRENT_TIMESTAMP ON UPDATE CURRENT_TIMESTAMP,
  `created_by` varchar(100) DEFAULT NULL,
  `modified_on` timestamp NOT NULL DEFAULT '0000-00-00 00:00:00',
  `modified_by` varchar(100) DEFAULT NULL,
  `is_active` int(10) DEFAULT NULL,
  PRIMARY KEY (`event_video_id`)
) ENGINE=InnoDB DEFAULT CHARSET=latin1;

/*Data for the table `event_video` */

/*Table structure for table `industry_type` */

DROP TABLE IF EXISTS `industry_type`;

CREATE TABLE `industry_type` (
  `industry_type_id` bigint(20) NOT NULL AUTO_INCREMENT,
  `industry_name` varchar(100) DEFAULT NULL,
  `industry_description` varchar(300) DEFAULT NULL,
  `created_by` varchar(100) DEFAULT NULL,
  `created_on` timestamp NULL DEFAULT CURRENT_TIMESTAMP ON UPDATE CURRENT_TIMESTAMP,
  `modified_by` varchar(100) DEFAULT NULL,
  `modified_on` timestamp NULL DEFAULT '0000-00-00 00:00:00',
  `is_active` int(10) DEFAULT NULL,
  PRIMARY KEY (`industry_type_id`)
) ENGINE=InnoDB AUTO_INCREMENT=6 DEFAULT CHARSET=latin1;

/*Data for the table `industry_type` */

insert  into `industry_type`(`industry_type_id`,`industry_name`,`industry_description`,`created_by`,`created_on`,`modified_by`,`modified_on`,`is_active`) values (1,'Agriculture','','amit','2017-11-03 06:02:26','amit','2017-11-02 07:56:03',NULL),(2,'Education','','amit','2017-11-03 06:02:23','amit','2017-11-02 07:56:03',NULL),(3,'Fishing','','amit','2017-11-02 08:01:04','amit','2017-11-02 08:01:04',NULL),(4,'Fishing','','amit','2017-11-02 07:57:17','amit','2017-11-02 07:57:17',NULL),(5,NULL,NULL,NULL,'2017-11-03 06:02:35',NULL,'2017-11-02 07:56:03',NULL);

/*Table structure for table `locality` */

DROP TABLE IF EXISTS `locality`;

CREATE TABLE `locality` (
  `locality_id` bigint(20) NOT NULL AUTO_INCREMENT,
  `city_id` bigint(20) DEFAULT NULL,
  `locality_name` varchar(100) DEFAULT NULL,
  `locality_info` varchar(500) DEFAULT NULL,
  `locality_lat` varchar(50) DEFAULT NULL,
  `locality_long` varchar(50) DEFAULT NULL,
  `created_on` timestamp NOT NULL DEFAULT CURRENT_TIMESTAMP ON UPDATE CURRENT_TIMESTAMP,
  `created_by` varchar(100) DEFAULT NULL,
  `modified_on` timestamp NOT NULL DEFAULT '0000-00-00 00:00:00',
  `modified_by` varchar(100) DEFAULT NULL,
  `is_active` int(10) DEFAULT NULL,
  PRIMARY KEY (`locality_id`)
) ENGINE=InnoDB DEFAULT CHARSET=latin1;

/*Data for the table `locality` */

/*Table structure for table `login` */

DROP TABLE IF EXISTS `login`;

CREATE TABLE `login` (
  `login_id` bigint(20) NOT NULL AUTO_INCREMENT,
  `email_id` varchar(100) DEFAULT NULL,
  `password` varchar(45) DEFAULT NULL,
  `created_by` varchar(100) DEFAULT NULL,
  `created_on` timestamp NULL DEFAULT NULL,
  `modified_by` varchar(100) DEFAULT NULL,
  `modified_on` timestamp NULL DEFAULT NULL,
  `login_id_source` varchar(20) DEFAULT NULL,
  `is_active` varchar(45) DEFAULT NULL,
  `last_login` timestamp NULL DEFAULT NULL,
  `security_key` varchar(45) DEFAULT NULL,
  `salt` varchar(100) DEFAULT NULL,
  PRIMARY KEY (`login_id`)
) ENGINE=InnoDB AUTO_INCREMENT=10 DEFAULT CHARSET=latin1;

/*Data for the table `login` */

insert  into `login`(`login_id`,`email_id`,`password`,`created_by`,`created_on`,`modified_by`,`modified_on`,`login_id_source`,`is_active`,`last_login`,`security_key`,`salt`) values (1,'amitkumarceb@gmail.com','12345678','Amit','2017-10-19 05:28:50','Amit','2017-10-19 05:28:50','TheEventLabs','1',NULL,NULL,NULL),(2,'amit@gmail.com','098765','Amit','2017-10-19 12:18:38','Amit','2017-10-19 12:18:38','TheEventLabs','1',NULL,NULL,NULL),(3,'amit@gmail.com1','098765','Amit','2017-10-19 12:20:59','Amit','2017-10-19 12:20:59','TheEventLabs','1',NULL,NULL,NULL),(4,'asdfgh','9876','asdfg','2017-10-19 12:24:20','asdfg','2017-10-19 12:24:20','TheEventLabs','1',NULL,NULL,NULL),(5,'erty','456dfgh','wert','2017-10-19 12:30:03','wert','2017-10-19 12:30:03','TheEventLabs','1',NULL,NULL,NULL),(6,'123','123','Amit','2017-11-04 17:21:22','Amit','2017-11-04 17:21:22','TheEventLabs','1',NULL,NULL,NULL),(7,'123','123','Amit','2017-11-04 17:23:38','Amit','2017-11-04 17:23:38','TheEventLabs','1',NULL,NULL,NULL),(8,'1234','xcvbj','dfgh','2017-11-04 17:46:36','dfgh','2017-11-04 17:46:36','TheEventLabs','1',NULL,NULL,NULL),(9,NULL,NULL,NULL,'2017-11-05 14:36:24',NULL,'2017-11-05 14:36:24','TheEventLabs','1',NULL,NULL,NULL);

/*Table structure for table `user_activities_logs` */

DROP TABLE IF EXISTS `user_activities_logs`;

CREATE TABLE `user_activities_logs` (
  `activity_id` bigint(50) NOT NULL AUTO_INCREMENT,
  `login_id` bigint(20) DEFAULT NULL,
  `activity_type` varchar(100) DEFAULT NULL,
  `activity_start_on` timestamp NOT NULL DEFAULT CURRENT_TIMESTAMP ON UPDATE CURRENT_TIMESTAMP,
  `activity_end_on` timestamp NOT NULL DEFAULT '0000-00-00 00:00:00',
  `activity_on` timestamp NOT NULL DEFAULT '0000-00-00 00:00:00',
  `error_code` varchar(500) DEFAULT NULL,
  `error_type` varchar(500) DEFAULT NULL,
  `session_id` varchar(100) DEFAULT NULL,
  `location_info` varchar(500) DEFAULT NULL,
  `browser_info` varchar(500) DEFAULT NULL,
  `user_agent` varchar(500) DEFAULT NULL,
  `service_name` varchar(50) DEFAULT NULL,
  PRIMARY KEY (`activity_id`)
) ENGINE=InnoDB AUTO_INCREMENT=587 DEFAULT CHARSET=latin1;

/*Data for the table `user_activities_logs` */

insert  into `user_activities_logs`(`activity_id`,`login_id`,`activity_type`,`activity_start_on`,`activity_end_on`,`activity_on`,`error_code`,`error_type`,`session_id`,`location_info`,`browser_info`,`user_agent`,`service_name`) values (2,NULL,NULL,'2017-10-19 12:30:10','0000-00-00 00:00:00','2017-10-19 12:30:07',NULL,NULL,NULL,NULL,NULL,NULL,'USER_ADD_SERVICE'),(3,NULL,NULL,'2017-10-20 14:23:52','0000-00-00 00:00:00','2017-10-20 14:23:52',NULL,NULL,NULL,NULL,NULL,NULL,''),(4,NULL,NULL,'2017-10-20 14:29:13','0000-00-00 00:00:00','2017-10-20 14:29:13',NULL,NULL,NULL,NULL,NULL,NULL,''),(5,NULL,NULL,'2017-10-20 14:53:38','0000-00-00 00:00:00','2017-10-20 14:53:38',NULL,NULL,NULL,NULL,NULL,NULL,''),(6,NULL,NULL,'2017-10-20 15:28:12','0000-00-00 00:00:00','2017-10-20 15:28:12',NULL,NULL,NULL,NULL,NULL,NULL,''),(7,NULL,NULL,'2017-10-20 16:02:01','0000-00-00 00:00:00','2017-10-20 16:02:01',NULL,NULL,NULL,NULL,NULL,NULL,''),(8,NULL,NULL,'2017-10-21 16:47:58','0000-00-00 00:00:00','2017-10-21 16:47:58',NULL,NULL,NULL,NULL,NULL,NULL,'USER_ADD_SERVICE'),(9,NULL,NULL,'2017-10-21 17:40:09','0000-00-00 00:00:00','2017-10-21 17:40:09',NULL,NULL,NULL,NULL,NULL,NULL,'USER_ADD_SERVICE'),(10,NULL,NULL,'2017-10-21 17:48:46','0000-00-00 00:00:00','2017-10-21 17:48:46',NULL,NULL,NULL,NULL,NULL,NULL,'USER_ADD_SERVICE'),(11,NULL,NULL,'2017-10-21 17:48:56','0000-00-00 00:00:00','2017-10-21 17:48:56',NULL,NULL,NULL,NULL,NULL,NULL,'USER_ADD_SERVICE'),(12,NULL,NULL,'2017-10-21 18:14:38','0000-00-00 00:00:00','2017-10-21 18:14:38',NULL,NULL,NULL,NULL,NULL,NULL,'USER_ADD_SERVICE'),(13,NULL,NULL,'2017-10-31 06:24:47','0000-00-00 00:00:00','2017-10-31 06:24:47',NULL,NULL,NULL,NULL,NULL,NULL,''),(14,NULL,NULL,'2017-10-31 07:15:41','0000-00-00 00:00:00','2017-10-31 07:15:41',NULL,NULL,NULL,NULL,NULL,NULL,'USER_ADD_SERVICE'),(15,NULL,NULL,'2017-10-31 07:15:46','0000-00-00 00:00:00','2017-10-31 07:15:46',NULL,NULL,NULL,NULL,NULL,NULL,'USER_ADD_SERVICE'),(16,NULL,NULL,'2017-10-31 07:33:24','0000-00-00 00:00:00','2017-10-31 07:33:24',NULL,NULL,NULL,NULL,NULL,NULL,'USER_ADD_SERVICE'),(17,NULL,NULL,'2017-10-31 08:42:15','0000-00-00 00:00:00','2017-10-31 08:42:15',NULL,NULL,NULL,NULL,NULL,NULL,'USER_ADD_SERVICE'),(18,NULL,NULL,'2017-10-31 08:42:18','0000-00-00 00:00:00','2017-10-31 08:42:18',NULL,NULL,NULL,NULL,NULL,NULL,'USER_ADD_SERVICE'),(19,NULL,NULL,'2017-10-31 08:46:15','0000-00-00 00:00:00','2017-10-31 08:46:15',NULL,NULL,NULL,NULL,NULL,NULL,'USER_ADD_SERVICE'),(20,NULL,NULL,'2017-10-31 09:01:02','0000-00-00 00:00:00','2017-10-31 09:01:02',NULL,NULL,NULL,NULL,NULL,NULL,'USER_ADD_SERVICE'),(21,NULL,NULL,'2017-10-31 12:09:30','0000-00-00 00:00:00','2017-10-31 12:09:30',NULL,NULL,NULL,NULL,NULL,NULL,'USER_ADD_SERVICE'),(22,NULL,NULL,'2017-10-31 12:47:42','0000-00-00 00:00:00','2017-10-31 12:47:42',NULL,NULL,NULL,NULL,NULL,NULL,'USER_ADD_SERVICE'),(23,NULL,NULL,'2017-10-31 12:51:10','0000-00-00 00:00:00','2017-10-31 12:51:10',NULL,NULL,NULL,NULL,NULL,NULL,'USER_ADD_SERVICE'),(24,NULL,NULL,'2017-10-31 12:55:00','0000-00-00 00:00:00','2017-10-31 12:55:00',NULL,NULL,NULL,NULL,NULL,NULL,'USER_ADD_SERVICE'),(25,NULL,NULL,'2017-10-31 13:09:19','0000-00-00 00:00:00','2017-10-31 13:09:19',NULL,NULL,NULL,NULL,NULL,NULL,'USER_ADD_SERVICE'),(26,NULL,NULL,'2017-10-31 13:15:11','0000-00-00 00:00:00','2017-10-31 13:15:11',NULL,NULL,NULL,NULL,NULL,NULL,'USER_ADD_SERVICE'),(27,NULL,NULL,'2017-10-31 13:35:47','0000-00-00 00:00:00','2017-10-31 13:35:47',NULL,NULL,NULL,NULL,NULL,NULL,'USER_ADD_SERVICE'),(28,NULL,NULL,'2017-10-31 13:37:54','0000-00-00 00:00:00','2017-10-31 13:37:54',NULL,NULL,NULL,NULL,NULL,NULL,'USER_ADD_SERVICE'),(29,NULL,NULL,'2017-10-31 14:05:04','0000-00-00 00:00:00','2017-10-31 14:05:04',NULL,NULL,NULL,NULL,NULL,NULL,'USER_ADD_SERVICE'),(30,NULL,NULL,'2017-10-31 14:25:48','0000-00-00 00:00:00','2017-10-31 14:25:48',NULL,NULL,NULL,NULL,NULL,NULL,'USER_ADD_SERVICE'),(31,NULL,NULL,'2017-10-31 14:34:39','0000-00-00 00:00:00','2017-10-31 14:34:39',NULL,NULL,NULL,NULL,NULL,NULL,'USER_ADD_SERVICE'),(32,NULL,NULL,'2017-10-31 16:43:54','0000-00-00 00:00:00','2017-10-31 16:43:54',NULL,NULL,NULL,NULL,NULL,NULL,'USER_ADD_SERVICE'),(33,NULL,NULL,'2017-10-31 16:44:26','0000-00-00 00:00:00','2017-10-31 16:44:26',NULL,NULL,NULL,NULL,NULL,NULL,'USER_ADD_SERVICE'),(34,NULL,NULL,'2017-10-31 17:04:05','0000-00-00 00:00:00','2017-10-31 17:04:05',NULL,NULL,NULL,NULL,NULL,NULL,'USER_ADD_SERVICE'),(35,NULL,NULL,'2017-10-31 17:20:47','0000-00-00 00:00:00','2017-10-31 17:20:47',NULL,NULL,NULL,NULL,NULL,NULL,'USER_ADD_SERVICE'),(36,NULL,NULL,'2017-10-31 17:22:40','0000-00-00 00:00:00','2017-10-31 17:22:40',NULL,NULL,NULL,NULL,NULL,NULL,'USER_ADD_SERVICE'),(37,NULL,NULL,'2017-10-31 17:26:17','0000-00-00 00:00:00','2017-10-31 17:26:17',NULL,NULL,NULL,NULL,NULL,NULL,'USER_ADD_SERVICE'),(38,NULL,NULL,'2017-10-31 17:31:13','0000-00-00 00:00:00','2017-10-31 17:31:13',NULL,NULL,NULL,NULL,NULL,NULL,'USER_ADD_SERVICE'),(39,NULL,NULL,'2017-10-31 17:32:14','0000-00-00 00:00:00','2017-10-31 17:32:14',NULL,NULL,NULL,NULL,NULL,NULL,'USER_ADD_SERVICE'),(40,NULL,NULL,'2017-10-31 17:34:14','0000-00-00 00:00:00','2017-10-31 17:34:14',NULL,NULL,NULL,NULL,NULL,NULL,'USER_ADD_SERVICE'),(41,NULL,NULL,'2017-10-31 17:34:40','0000-00-00 00:00:00','2017-10-31 17:34:40',NULL,NULL,NULL,NULL,NULL,NULL,'USER_ADD_SERVICE'),(42,NULL,NULL,'2017-10-31 17:36:35','0000-00-00 00:00:00','2017-10-31 17:36:35',NULL,NULL,NULL,NULL,NULL,NULL,''),(43,NULL,NULL,'2017-10-31 17:37:05','0000-00-00 00:00:00','2017-10-31 17:37:05',NULL,NULL,NULL,NULL,NULL,NULL,'USER_ADD_SERVICE'),(44,NULL,NULL,'2017-10-31 19:37:28','0000-00-00 00:00:00','2017-10-31 19:37:28',NULL,NULL,NULL,NULL,NULL,NULL,'USER_ADD_SERVICE'),(45,NULL,NULL,'2017-11-02 07:12:15','0000-00-00 00:00:00','2017-11-02 07:12:15',NULL,NULL,NULL,NULL,NULL,NULL,'USER_ADD_SERVICE'),(46,NULL,NULL,'2017-11-02 07:13:22','0000-00-00 00:00:00','2017-11-02 07:13:22',NULL,NULL,NULL,NULL,NULL,NULL,'USER_ADD_SERVICE'),(47,NULL,NULL,'2017-11-02 07:15:00','0000-00-00 00:00:00','2017-11-02 07:15:00',NULL,NULL,NULL,NULL,NULL,NULL,'USER_ADD_SERVICE'),(48,NULL,NULL,'2017-11-02 07:17:15','0000-00-00 00:00:00','2017-11-02 07:17:15',NULL,NULL,NULL,NULL,NULL,NULL,'USER_ADD_SERVICE'),(49,NULL,NULL,'2017-11-02 07:19:56','0000-00-00 00:00:00','2017-11-02 07:19:56',NULL,NULL,NULL,NULL,NULL,NULL,'USER_ADD_SERVICE'),(50,NULL,NULL,'2017-11-02 07:23:38','0000-00-00 00:00:00','2017-11-02 07:23:38',NULL,NULL,NULL,NULL,NULL,NULL,'USER_ADD_SERVICE'),(51,NULL,NULL,'2017-11-02 07:24:34','0000-00-00 00:00:00','2017-11-02 07:24:34',NULL,NULL,NULL,NULL,NULL,NULL,'USER_ADD_SERVICE'),(52,NULL,NULL,'2017-11-02 07:24:35','0000-00-00 00:00:00','2017-11-02 07:24:35',NULL,NULL,NULL,NULL,NULL,NULL,'USER_ADD_SERVICE'),(53,NULL,NULL,'2017-11-02 07:28:26','0000-00-00 00:00:00','2017-11-02 07:28:26',NULL,NULL,NULL,NULL,NULL,NULL,'USER_ADD_SERVICE'),(54,NULL,NULL,'2017-11-02 07:28:53','0000-00-00 00:00:00','2017-11-02 07:28:53',NULL,NULL,NULL,NULL,NULL,NULL,'USER_ADD_SERVICE'),(55,NULL,NULL,'2017-11-02 07:29:49','0000-00-00 00:00:00','2017-11-02 07:29:49',NULL,NULL,NULL,NULL,NULL,NULL,'USER_ADD_SERVICE'),(56,NULL,NULL,'2017-11-02 08:29:09','0000-00-00 00:00:00','2017-11-02 08:29:09',NULL,NULL,NULL,NULL,NULL,NULL,'USER_ADD_SERVICE'),(57,NULL,NULL,'2017-11-02 08:30:55','0000-00-00 00:00:00','2017-11-02 08:30:55',NULL,NULL,NULL,NULL,NULL,NULL,'USER_ADD_SERVICE'),(58,NULL,NULL,'2017-11-02 08:31:38','0000-00-00 00:00:00','2017-11-02 08:31:38',NULL,NULL,NULL,NULL,NULL,NULL,'USER_ADD_SERVICE'),(59,NULL,NULL,'2017-11-02 08:35:44','0000-00-00 00:00:00','2017-11-02 08:35:44',NULL,NULL,NULL,NULL,NULL,NULL,'USER_ADD_SERVICE'),(60,NULL,NULL,'2017-11-02 08:36:30','0000-00-00 00:00:00','2017-11-02 08:36:30',NULL,NULL,NULL,NULL,NULL,NULL,'USER_ADD_SERVICE'),(61,NULL,NULL,'2017-11-02 08:38:52','0000-00-00 00:00:00','2017-11-02 08:38:52',NULL,NULL,NULL,NULL,NULL,NULL,'USER_ADD_SERVICE'),(62,NULL,NULL,'2017-11-02 09:31:30','0000-00-00 00:00:00','2017-11-02 09:31:30',NULL,NULL,NULL,NULL,NULL,NULL,'Search_Event'),(63,NULL,NULL,'2017-11-02 09:38:04','0000-00-00 00:00:00','2017-11-02 09:38:04',NULL,NULL,NULL,NULL,NULL,NULL,'Search_Event'),(64,NULL,NULL,'2017-11-02 09:38:55','0000-00-00 00:00:00','2017-11-02 09:38:55',NULL,NULL,NULL,NULL,NULL,NULL,'Search_Event'),(65,NULL,NULL,'2017-11-02 10:14:04','0000-00-00 00:00:00','2017-11-02 10:14:04',NULL,NULL,NULL,NULL,NULL,NULL,'Search_Event'),(66,NULL,NULL,'2017-11-02 18:59:25','0000-00-00 00:00:00','2017-11-02 18:59:25',NULL,NULL,NULL,NULL,NULL,NULL,'USER_ADD_SERVICE'),(67,NULL,NULL,'2017-11-02 19:01:00','0000-00-00 00:00:00','2017-11-02 19:01:00',NULL,NULL,NULL,NULL,NULL,NULL,'USER_ADD_SERVICE'),(68,NULL,NULL,'2017-11-02 19:01:40','0000-00-00 00:00:00','2017-11-02 19:01:40',NULL,NULL,NULL,NULL,NULL,NULL,'Search_Event'),(69,NULL,NULL,'2017-11-02 19:04:13','0000-00-00 00:00:00','2017-11-02 19:04:13',NULL,NULL,NULL,NULL,NULL,NULL,'Search_Event'),(70,NULL,NULL,'2017-11-02 19:06:23','0000-00-00 00:00:00','2017-11-02 19:06:23',NULL,NULL,NULL,NULL,NULL,NULL,'Search_Event'),(71,NULL,NULL,'2017-11-03 05:27:45','0000-00-00 00:00:00','2017-11-03 05:27:45',NULL,NULL,NULL,NULL,NULL,NULL,'GET_MASTER_DATA_SERVICE'),(72,NULL,NULL,'2017-11-03 05:27:48','0000-00-00 00:00:00','2017-11-03 05:27:48',NULL,NULL,NULL,NULL,NULL,NULL,'GET_MASTER_DATA_SERVICE'),(73,NULL,NULL,'2017-11-03 05:28:11','0000-00-00 00:00:00','2017-11-03 05:28:11',NULL,NULL,NULL,NULL,NULL,NULL,'GET_MASTER_DATA_SERVICE'),(74,NULL,NULL,'2017-11-03 05:40:26','0000-00-00 00:00:00','2017-11-03 05:40:26',NULL,NULL,NULL,NULL,NULL,NULL,'GET_MASTER_DATA_SERVICE'),(75,NULL,NULL,'2017-11-03 05:40:52','0000-00-00 00:00:00','2017-11-03 05:40:52',NULL,NULL,NULL,NULL,NULL,NULL,'GET_MASTER_DATA_SERVICE'),(76,NULL,NULL,'2017-11-03 05:41:59','0000-00-00 00:00:00','2017-11-03 05:41:59',NULL,NULL,NULL,NULL,NULL,NULL,'GET_MASTER_DATA_SERVICE'),(77,NULL,NULL,'2017-11-03 05:44:20','0000-00-00 00:00:00','2017-11-03 05:44:20',NULL,NULL,NULL,NULL,NULL,NULL,'GET_MASTER_DATA_SERVICE'),(78,NULL,NULL,'2017-11-03 05:49:08','0000-00-00 00:00:00','2017-11-03 05:49:08',NULL,NULL,NULL,NULL,NULL,NULL,'GET_MASTER_DATA_SERVICE'),(79,NULL,NULL,'2017-11-03 06:02:59','0000-00-00 00:00:00','2017-11-03 06:02:59',NULL,NULL,NULL,NULL,NULL,NULL,'GET_MASTER_DATA_SERVICE'),(80,NULL,NULL,'2017-11-03 06:06:49','0000-00-00 00:00:00','2017-11-03 06:06:49',NULL,NULL,NULL,NULL,NULL,NULL,'GET_MASTER_DATA_SERVICE'),(81,NULL,NULL,'2017-11-03 06:41:28','0000-00-00 00:00:00','2017-11-03 06:41:28',NULL,NULL,NULL,NULL,NULL,NULL,'GET_MASTER_DATA_SERVICE'),(82,NULL,NULL,'2017-11-03 08:30:48','0000-00-00 00:00:00','2017-11-03 08:30:48',NULL,NULL,NULL,NULL,NULL,NULL,'Search_Event'),(83,NULL,NULL,'2017-11-03 08:34:23','0000-00-00 00:00:00','2017-11-03 08:34:23',NULL,NULL,NULL,NULL,NULL,NULL,'Search_Event'),(84,NULL,NULL,'2017-11-03 09:06:13','0000-00-00 00:00:00','2017-11-03 09:06:13',NULL,NULL,NULL,NULL,NULL,NULL,'Search_Event'),(85,NULL,NULL,'2017-11-03 09:06:19','0000-00-00 00:00:00','2017-11-03 09:06:19',NULL,NULL,NULL,NULL,NULL,NULL,'Search_Event'),(86,NULL,NULL,'2017-11-04 06:35:25','0000-00-00 00:00:00','2017-11-04 06:35:24',NULL,NULL,NULL,NULL,NULL,NULL,'Search_Event'),(87,NULL,NULL,'2017-11-04 06:40:51','0000-00-00 00:00:00','2017-11-04 06:40:51',NULL,NULL,NULL,NULL,NULL,NULL,'Search_Event'),(88,NULL,NULL,'2017-11-04 06:42:40','0000-00-00 00:00:00','2017-11-04 06:42:40',NULL,NULL,NULL,NULL,NULL,NULL,'Search_Event'),(89,NULL,NULL,'2017-11-04 06:55:01','0000-00-00 00:00:00','2017-11-04 06:55:01',NULL,NULL,NULL,NULL,NULL,NULL,'Search_Event'),(90,NULL,NULL,'2017-11-04 07:01:19','0000-00-00 00:00:00','2017-11-04 07:01:19',NULL,NULL,NULL,NULL,NULL,NULL,'Search_Event'),(91,NULL,NULL,'2017-11-04 07:01:25','0000-00-00 00:00:00','2017-11-04 07:01:25',NULL,NULL,NULL,NULL,NULL,NULL,'Search_Event'),(92,NULL,NULL,'2017-11-04 07:01:44','0000-00-00 00:00:00','2017-11-04 07:01:44',NULL,NULL,NULL,NULL,NULL,NULL,'Search_Event'),(93,NULL,NULL,'2017-11-04 07:01:50','0000-00-00 00:00:00','2017-11-04 07:01:50',NULL,NULL,NULL,NULL,NULL,NULL,'Search_Event'),(94,NULL,NULL,'2017-11-04 07:02:50','0000-00-00 00:00:00','2017-11-04 07:02:50',NULL,NULL,NULL,NULL,NULL,NULL,''),(95,NULL,NULL,'2017-11-04 07:03:49','0000-00-00 00:00:00','2017-11-04 07:03:49',NULL,NULL,NULL,NULL,NULL,NULL,'USER_ADD_SERVICE'),(96,NULL,NULL,'2017-11-04 07:04:12','0000-00-00 00:00:00','2017-11-04 07:04:12',NULL,NULL,NULL,NULL,NULL,NULL,'Search_Event'),(97,NULL,NULL,'2017-11-04 07:09:58','0000-00-00 00:00:00','2017-11-04 07:09:58',NULL,NULL,NULL,NULL,NULL,NULL,'Search_Event'),(98,NULL,NULL,'2017-11-04 07:23:05','0000-00-00 00:00:00','2017-11-04 07:23:05',NULL,NULL,NULL,NULL,NULL,NULL,'Search_Event'),(99,NULL,NULL,'2017-11-04 07:23:24','0000-00-00 00:00:00','2017-11-04 07:23:24',NULL,NULL,NULL,NULL,NULL,NULL,'Search_Event'),(100,NULL,NULL,'2017-11-04 07:25:36','0000-00-00 00:00:00','2017-11-04 07:25:36',NULL,NULL,NULL,NULL,NULL,NULL,'Search_Event'),(101,NULL,NULL,'2017-11-04 07:28:43','0000-00-00 00:00:00','2017-11-04 07:28:43',NULL,NULL,NULL,NULL,NULL,NULL,'Search_Event'),(102,NULL,NULL,'2017-11-04 07:28:43','0000-00-00 00:00:00','2017-11-04 07:28:43',NULL,NULL,NULL,NULL,NULL,NULL,'Search_Event'),(103,NULL,NULL,'2017-11-04 07:29:15','0000-00-00 00:00:00','2017-11-04 07:29:15',NULL,NULL,NULL,NULL,NULL,NULL,'Search_Event'),(104,NULL,NULL,'2017-11-04 07:30:35','0000-00-00 00:00:00','2017-11-04 07:30:35',NULL,NULL,NULL,NULL,NULL,NULL,'Search_Event'),(105,NULL,NULL,'2017-11-04 07:30:58','0000-00-00 00:00:00','2017-11-04 07:30:58',NULL,NULL,NULL,NULL,NULL,NULL,'Search_Event'),(106,NULL,NULL,'2017-11-04 07:31:09','0000-00-00 00:00:00','2017-11-04 07:31:09',NULL,NULL,NULL,NULL,NULL,NULL,'Search_Event'),(107,NULL,NULL,'2017-11-04 07:31:55','0000-00-00 00:00:00','2017-11-04 07:31:55',NULL,NULL,NULL,NULL,NULL,NULL,'Search_Event'),(108,NULL,NULL,'2017-11-04 07:49:16','0000-00-00 00:00:00','2017-11-04 07:49:16',NULL,NULL,NULL,NULL,NULL,NULL,'Search_Event'),(109,NULL,NULL,'2017-11-04 07:53:25','0000-00-00 00:00:00','2017-11-04 07:53:25',NULL,NULL,NULL,NULL,NULL,NULL,'Search_Event'),(110,NULL,NULL,'2017-11-04 07:53:48','0000-00-00 00:00:00','2017-11-04 07:53:48',NULL,NULL,NULL,NULL,NULL,NULL,'Search_Event'),(111,NULL,NULL,'2017-11-04 07:56:57','0000-00-00 00:00:00','2017-11-04 07:56:57',NULL,NULL,NULL,NULL,NULL,NULL,''),(112,NULL,NULL,'2017-11-04 07:57:40','0000-00-00 00:00:00','2017-11-04 07:57:40',NULL,NULL,NULL,NULL,NULL,NULL,'USER_ADD_SERVICE'),(113,NULL,NULL,'2017-11-04 07:59:12','0000-00-00 00:00:00','2017-11-04 07:59:12',NULL,NULL,NULL,NULL,NULL,NULL,'Search_Event'),(114,NULL,NULL,'2017-11-04 08:10:04','0000-00-00 00:00:00','2017-11-04 08:10:04',NULL,NULL,NULL,NULL,NULL,NULL,'Search_Event'),(115,NULL,NULL,'2017-11-04 08:15:49','0000-00-00 00:00:00','2017-11-04 08:15:49',NULL,NULL,NULL,NULL,NULL,NULL,'Search_Event'),(116,NULL,NULL,'2017-11-04 08:16:29','0000-00-00 00:00:00','2017-11-04 08:16:29',NULL,NULL,NULL,NULL,NULL,NULL,'Search_Event'),(117,NULL,NULL,'2017-11-04 08:29:46','0000-00-00 00:00:00','2017-11-04 08:29:46',NULL,NULL,NULL,NULL,NULL,NULL,'Search_Event'),(118,NULL,NULL,'2017-11-04 08:29:46','0000-00-00 00:00:00','2017-11-04 08:29:46',NULL,NULL,NULL,NULL,NULL,NULL,'Search_Event'),(119,NULL,NULL,'2017-11-04 08:29:47','0000-00-00 00:00:00','2017-11-04 08:29:47',NULL,NULL,NULL,NULL,NULL,NULL,'Search_Event'),(120,NULL,NULL,'2017-11-04 08:33:10','0000-00-00 00:00:00','2017-11-04 08:33:10',NULL,NULL,NULL,NULL,NULL,NULL,'USER_ADD_SERVICE'),(121,NULL,NULL,'2017-11-04 09:03:28','0000-00-00 00:00:00','2017-11-04 09:03:28',NULL,NULL,NULL,NULL,NULL,NULL,'Search_Event'),(122,NULL,NULL,'2017-11-04 09:03:58','0000-00-00 00:00:00','2017-11-04 09:03:58',NULL,NULL,NULL,NULL,NULL,NULL,'Search_Event'),(123,NULL,NULL,'2017-11-04 09:04:14','0000-00-00 00:00:00','2017-11-04 09:04:14',NULL,NULL,NULL,NULL,NULL,NULL,'Search_Event'),(124,NULL,NULL,'2017-11-04 09:11:33','0000-00-00 00:00:00','2017-11-04 09:11:33',NULL,NULL,NULL,NULL,NULL,NULL,'Search_Event'),(125,NULL,NULL,'2017-11-04 09:25:42','0000-00-00 00:00:00','2017-11-04 09:25:42',NULL,NULL,NULL,NULL,NULL,NULL,'Search_Event'),(126,NULL,NULL,'2017-11-04 09:26:41','0000-00-00 00:00:00','2017-11-04 09:26:41',NULL,NULL,NULL,NULL,NULL,NULL,'Search_Event'),(127,NULL,NULL,'2017-11-04 09:27:22','0000-00-00 00:00:00','2017-11-04 09:27:22',NULL,NULL,NULL,NULL,NULL,NULL,'Search_Event'),(128,NULL,NULL,'2017-11-04 09:34:36','0000-00-00 00:00:00','2017-11-04 09:34:36',NULL,NULL,NULL,NULL,NULL,NULL,'Search_Event'),(129,NULL,NULL,'2017-11-04 10:01:38','0000-00-00 00:00:00','2017-11-04 10:01:38',NULL,NULL,NULL,NULL,NULL,NULL,'Search_Event'),(130,NULL,NULL,'2017-11-04 10:02:18','0000-00-00 00:00:00','2017-11-04 10:02:18',NULL,NULL,NULL,NULL,NULL,NULL,'Search_Event'),(131,NULL,NULL,'2017-11-04 10:03:08','0000-00-00 00:00:00','2017-11-04 10:03:08',NULL,NULL,NULL,NULL,NULL,NULL,'Search_Event'),(132,NULL,NULL,'2017-11-04 10:04:44','0000-00-00 00:00:00','2017-11-04 10:04:44',NULL,NULL,NULL,NULL,NULL,NULL,'Search_Event'),(133,NULL,NULL,'2017-11-04 10:07:52','0000-00-00 00:00:00','2017-11-04 10:07:52',NULL,NULL,NULL,NULL,NULL,NULL,'Search_Event'),(134,NULL,NULL,'2017-11-04 10:09:36','0000-00-00 00:00:00','2017-11-04 10:09:36',NULL,NULL,NULL,NULL,NULL,NULL,'Search_Event'),(135,NULL,NULL,'2017-11-04 10:14:13','0000-00-00 00:00:00','2017-11-04 10:14:13',NULL,NULL,NULL,NULL,NULL,NULL,'Search_Event'),(136,NULL,NULL,'2017-11-04 10:16:48','0000-00-00 00:00:00','2017-11-04 10:16:48',NULL,NULL,NULL,NULL,NULL,NULL,'Search_Event'),(137,NULL,NULL,'2017-11-04 10:17:23','0000-00-00 00:00:00','2017-11-04 10:17:23',NULL,NULL,NULL,NULL,NULL,NULL,'Search_Event'),(138,NULL,NULL,'2017-11-04 10:17:45','0000-00-00 00:00:00','2017-11-04 10:17:45',NULL,NULL,NULL,NULL,NULL,NULL,'Search_Event'),(139,NULL,NULL,'2017-11-04 11:16:52','0000-00-00 00:00:00','2017-11-04 11:16:52',NULL,NULL,NULL,NULL,NULL,NULL,'Search_Event'),(140,NULL,NULL,'2017-11-04 11:17:49','0000-00-00 00:00:00','2017-11-04 11:17:49',NULL,NULL,NULL,NULL,NULL,NULL,'Search_Event'),(141,NULL,NULL,'2017-11-04 11:18:07','0000-00-00 00:00:00','2017-11-04 11:18:07',NULL,NULL,NULL,NULL,NULL,NULL,'Search_Event'),(142,NULL,NULL,'2017-11-04 11:28:15','0000-00-00 00:00:00','2017-11-04 11:28:15',NULL,NULL,NULL,NULL,NULL,NULL,''),(143,NULL,NULL,'2017-11-04 11:31:35','0000-00-00 00:00:00','2017-11-04 11:31:35',NULL,NULL,NULL,NULL,NULL,NULL,''),(144,NULL,NULL,'2017-11-04 11:34:05','0000-00-00 00:00:00','2017-11-04 11:34:05',NULL,NULL,NULL,NULL,NULL,NULL,''),(145,NULL,NULL,'2017-11-04 14:42:00','0000-00-00 00:00:00','2017-11-04 14:42:00',NULL,NULL,NULL,NULL,NULL,NULL,'USER_ADD_SERVICE'),(146,NULL,NULL,'2017-11-04 15:32:43','0000-00-00 00:00:00','2017-11-04 15:32:43',NULL,NULL,NULL,NULL,NULL,NULL,'USER_ADD_SERVICE'),(147,NULL,NULL,'2017-11-04 15:38:16','0000-00-00 00:00:00','2017-11-04 15:38:16',NULL,NULL,NULL,NULL,NULL,NULL,'Search_Event'),(148,NULL,NULL,'2017-11-04 15:38:16','0000-00-00 00:00:00','2017-11-04 15:38:16',NULL,NULL,NULL,NULL,NULL,NULL,'Search_Event'),(149,NULL,NULL,'2017-11-04 15:40:06','0000-00-00 00:00:00','2017-11-04 15:40:06',NULL,NULL,NULL,NULL,NULL,NULL,'Search_Event'),(150,NULL,NULL,'2017-11-04 15:41:04','0000-00-00 00:00:00','2017-11-04 15:41:04',NULL,NULL,NULL,NULL,NULL,NULL,'Search_Event'),(151,NULL,NULL,'2017-11-04 15:41:05','0000-00-00 00:00:00','2017-11-04 15:41:05',NULL,NULL,NULL,NULL,NULL,NULL,'Search_Event'),(152,NULL,NULL,'2017-11-04 15:42:24','0000-00-00 00:00:00','2017-11-04 15:42:24',NULL,NULL,NULL,NULL,NULL,NULL,'Search_Event'),(153,NULL,NULL,'2017-11-04 15:43:40','0000-00-00 00:00:00','2017-11-04 15:43:40',NULL,NULL,NULL,NULL,NULL,NULL,'Search_Event'),(154,NULL,NULL,'2017-11-04 16:00:06','0000-00-00 00:00:00','2017-11-04 16:00:06',NULL,NULL,NULL,NULL,NULL,NULL,''),(155,NULL,NULL,'2017-11-04 16:03:35','0000-00-00 00:00:00','2017-11-04 16:03:35',NULL,NULL,NULL,NULL,NULL,NULL,''),(156,NULL,NULL,'2017-11-04 16:07:17','0000-00-00 00:00:00','2017-11-04 16:07:17',NULL,NULL,NULL,NULL,NULL,NULL,''),(157,NULL,NULL,'2017-11-04 16:07:46','0000-00-00 00:00:00','2017-11-04 16:07:46',NULL,NULL,NULL,NULL,NULL,NULL,''),(158,NULL,NULL,'2017-11-04 16:09:32','0000-00-00 00:00:00','2017-11-04 16:09:32',NULL,NULL,NULL,NULL,NULL,NULL,''),(159,NULL,NULL,'2017-11-04 16:10:38','0000-00-00 00:00:00','2017-11-04 16:10:38',NULL,NULL,NULL,NULL,NULL,NULL,''),(160,NULL,NULL,'2017-11-04 16:12:24','0000-00-00 00:00:00','2017-11-04 16:12:24',NULL,NULL,NULL,NULL,NULL,NULL,''),(161,NULL,NULL,'2017-11-04 16:13:23','0000-00-00 00:00:00','2017-11-04 16:13:23',NULL,NULL,NULL,NULL,NULL,NULL,''),(162,NULL,NULL,'2017-11-04 16:18:38','0000-00-00 00:00:00','2017-11-04 16:18:38',NULL,NULL,NULL,NULL,NULL,NULL,''),(163,NULL,NULL,'2017-11-04 16:19:00','0000-00-00 00:00:00','2017-11-04 16:19:00',NULL,NULL,NULL,NULL,NULL,NULL,''),(164,NULL,NULL,'2017-11-04 16:19:36','0000-00-00 00:00:00','2017-11-04 16:19:36',NULL,NULL,NULL,NULL,NULL,NULL,''),(165,NULL,NULL,'2017-11-04 16:20:02','0000-00-00 00:00:00','2017-11-04 16:20:02',NULL,NULL,NULL,NULL,NULL,NULL,''),(166,NULL,NULL,'2017-11-04 16:20:15','0000-00-00 00:00:00','2017-11-04 16:20:15',NULL,NULL,NULL,NULL,NULL,NULL,''),(167,NULL,NULL,'2017-11-04 16:22:25','0000-00-00 00:00:00','2017-11-04 16:22:25',NULL,NULL,NULL,NULL,NULL,NULL,''),(168,NULL,NULL,'2017-11-04 16:25:28','0000-00-00 00:00:00','2017-11-04 16:25:28',NULL,NULL,NULL,NULL,NULL,NULL,''),(169,NULL,NULL,'2017-11-04 16:25:51','0000-00-00 00:00:00','2017-11-04 16:25:51',NULL,NULL,NULL,NULL,NULL,NULL,''),(170,NULL,NULL,'2017-11-04 16:26:18','0000-00-00 00:00:00','2017-11-04 16:26:18',NULL,NULL,NULL,NULL,NULL,NULL,''),(171,NULL,NULL,'2017-11-04 16:27:26','0000-00-00 00:00:00','2017-11-04 16:27:26',NULL,NULL,NULL,NULL,NULL,NULL,'Search_Event'),(172,NULL,NULL,'2017-11-04 16:27:44','0000-00-00 00:00:00','2017-11-04 16:27:44',NULL,NULL,NULL,NULL,NULL,NULL,'Search_Event'),(173,NULL,NULL,'2017-11-04 16:36:22','0000-00-00 00:00:00','2017-11-04 16:36:22',NULL,NULL,NULL,NULL,NULL,NULL,''),(174,NULL,NULL,'2017-11-04 16:44:33','0000-00-00 00:00:00','2017-11-04 16:44:33',NULL,NULL,NULL,NULL,NULL,NULL,''),(175,NULL,NULL,'2017-11-04 17:08:42','0000-00-00 00:00:00','2017-11-04 17:08:42',NULL,NULL,NULL,NULL,NULL,NULL,''),(176,NULL,NULL,'2017-11-04 17:09:16','0000-00-00 00:00:00','2017-11-04 17:09:16',NULL,NULL,NULL,NULL,NULL,NULL,''),(177,NULL,NULL,'2017-11-04 17:09:21','0000-00-00 00:00:00','2017-11-04 17:09:21',NULL,NULL,NULL,NULL,NULL,NULL,''),(178,NULL,NULL,'2017-11-04 17:09:30','0000-00-00 00:00:00','2017-11-04 17:09:30',NULL,NULL,NULL,NULL,NULL,NULL,''),(179,NULL,NULL,'2017-11-04 17:09:51','0000-00-00 00:00:00','2017-11-04 17:09:51',NULL,NULL,NULL,NULL,NULL,NULL,''),(180,NULL,NULL,'2017-11-04 17:11:15','0000-00-00 00:00:00','2017-11-04 17:11:15',NULL,NULL,NULL,NULL,NULL,NULL,'Search_Event'),(181,NULL,NULL,'2017-11-04 17:11:21','0000-00-00 00:00:00','2017-11-04 17:11:21',NULL,NULL,NULL,NULL,NULL,NULL,'Search_Event'),(182,NULL,NULL,'2017-11-04 17:11:25','0000-00-00 00:00:00','2017-11-04 17:11:25',NULL,NULL,NULL,NULL,NULL,NULL,'Search_Event'),(183,NULL,NULL,'2017-11-04 17:13:57','0000-00-00 00:00:00','2017-11-04 17:13:57',NULL,NULL,NULL,NULL,NULL,NULL,'Search_Event'),(184,NULL,NULL,'2017-11-04 17:14:13','0000-00-00 00:00:00','2017-11-04 17:14:13',NULL,NULL,NULL,NULL,NULL,NULL,'Search_Event'),(185,NULL,NULL,'2017-11-04 17:17:34','0000-00-00 00:00:00','2017-11-04 17:17:34',NULL,NULL,NULL,NULL,NULL,NULL,'Search_Event'),(186,NULL,NULL,'2017-11-04 17:21:23','0000-00-00 00:00:00','2017-11-04 17:21:23',NULL,NULL,NULL,NULL,NULL,NULL,'USER_ADD_SERVICE'),(187,NULL,NULL,'2017-11-04 17:23:38','0000-00-00 00:00:00','2017-11-04 17:23:38',NULL,NULL,NULL,NULL,NULL,NULL,'USER_ADD_SERVICE'),(188,NULL,NULL,'2017-11-04 17:40:06','0000-00-00 00:00:00','2017-11-04 17:40:06',NULL,NULL,NULL,NULL,NULL,NULL,''),(189,NULL,NULL,'2017-11-04 17:40:24','0000-00-00 00:00:00','2017-11-04 17:40:24',NULL,NULL,NULL,NULL,NULL,NULL,''),(190,NULL,NULL,'2017-11-04 17:40:53','0000-00-00 00:00:00','2017-11-04 17:40:53',NULL,NULL,NULL,NULL,NULL,NULL,''),(191,NULL,NULL,'2017-11-04 17:46:28','0000-00-00 00:00:00','2017-11-04 17:46:28',NULL,NULL,NULL,NULL,NULL,NULL,'USER_ADD_SERVICE'),(192,NULL,NULL,'2017-11-04 17:46:36','0000-00-00 00:00:00','2017-11-04 17:46:36',NULL,NULL,NULL,NULL,NULL,NULL,'USER_ADD_SERVICE'),(193,NULL,NULL,'2017-11-04 17:52:01','0000-00-00 00:00:00','2017-11-04 17:52:01',NULL,NULL,NULL,NULL,NULL,NULL,'Search_Event'),(194,NULL,NULL,'2017-11-04 18:32:13','0000-00-00 00:00:00','2017-11-04 18:32:13',NULL,NULL,NULL,NULL,NULL,NULL,''),(195,NULL,NULL,'2017-11-04 20:01:28','0000-00-00 00:00:00','2017-11-04 20:01:28',NULL,NULL,NULL,NULL,NULL,NULL,''),(196,NULL,NULL,'2017-11-04 20:09:24','0000-00-00 00:00:00','2017-11-04 20:09:24',NULL,NULL,NULL,NULL,NULL,NULL,''),(197,NULL,NULL,'2017-11-04 20:18:06','0000-00-00 00:00:00','2017-11-04 20:18:06',NULL,NULL,NULL,NULL,NULL,NULL,''),(198,NULL,NULL,'2017-11-04 20:37:36','0000-00-00 00:00:00','2017-11-04 20:37:36',NULL,NULL,NULL,NULL,NULL,NULL,'USER_ADD_SERVICE'),(199,NULL,NULL,'2017-11-04 20:38:50','0000-00-00 00:00:00','2017-11-04 20:38:50',NULL,NULL,NULL,NULL,NULL,NULL,''),(200,NULL,NULL,'2017-11-04 20:41:46','0000-00-00 00:00:00','2017-11-04 20:41:46',NULL,NULL,NULL,NULL,NULL,NULL,'USER_ADD_SERVICE'),(201,NULL,NULL,'2017-11-04 20:49:19','0000-00-00 00:00:00','2017-11-04 20:49:19',NULL,NULL,NULL,NULL,NULL,NULL,''),(202,NULL,NULL,'2017-11-04 20:49:54','0000-00-00 00:00:00','2017-11-04 20:49:54',NULL,NULL,NULL,NULL,NULL,NULL,'USER_ADD_SERVICE'),(203,NULL,NULL,'2017-11-04 20:52:35','0000-00-00 00:00:00','2017-11-04 20:52:35',NULL,NULL,NULL,NULL,NULL,NULL,'Search_Event'),(204,NULL,NULL,'2017-11-05 05:41:45','0000-00-00 00:00:00','2017-11-05 05:41:45',NULL,NULL,NULL,NULL,NULL,NULL,'Search_Event'),(205,NULL,NULL,'2017-11-05 05:43:50','0000-00-00 00:00:00','2017-11-05 05:43:50',NULL,NULL,NULL,NULL,NULL,NULL,'Search_Event'),(206,NULL,NULL,'2017-11-05 05:45:04','0000-00-00 00:00:00','2017-11-05 05:45:04',NULL,NULL,NULL,NULL,NULL,NULL,'Search_Event'),(207,NULL,NULL,'2017-11-05 05:45:18','0000-00-00 00:00:00','2017-11-05 05:45:18',NULL,NULL,NULL,NULL,NULL,NULL,'Search_Event'),(208,NULL,NULL,'2017-11-05 05:49:35','0000-00-00 00:00:00','2017-11-05 05:49:35',NULL,NULL,NULL,NULL,NULL,NULL,'Search_Event'),(209,NULL,NULL,'2017-11-05 05:51:43','0000-00-00 00:00:00','2017-11-05 05:51:43',NULL,NULL,NULL,NULL,NULL,NULL,'Search_Event'),(210,NULL,NULL,'2017-11-05 05:53:35','0000-00-00 00:00:00','2017-11-05 05:53:35',NULL,NULL,NULL,NULL,NULL,NULL,'Search_Event'),(211,NULL,NULL,'2017-11-05 05:59:01','0000-00-00 00:00:00','2017-11-05 05:59:01',NULL,NULL,NULL,NULL,NULL,NULL,''),(212,NULL,NULL,'2017-11-05 05:59:12','0000-00-00 00:00:00','2017-11-05 05:59:12',NULL,NULL,NULL,NULL,NULL,NULL,'Search_Event'),(213,NULL,NULL,'2017-11-05 06:19:22','0000-00-00 00:00:00','2017-11-05 06:19:22',NULL,NULL,NULL,NULL,NULL,NULL,''),(214,NULL,NULL,'2017-11-05 06:31:30','0000-00-00 00:00:00','2017-11-05 06:31:30',NULL,NULL,NULL,NULL,NULL,NULL,'USER_ADD_SERVICE'),(215,NULL,NULL,'2017-11-05 06:31:48','0000-00-00 00:00:00','2017-11-05 06:31:48',NULL,NULL,NULL,NULL,NULL,NULL,'Search_Event'),(216,NULL,NULL,'2017-11-05 06:33:40','0000-00-00 00:00:00','2017-11-05 06:33:40',NULL,NULL,NULL,NULL,NULL,NULL,'Search_Event'),(217,NULL,NULL,'2017-11-05 06:37:55','0000-00-00 00:00:00','2017-11-05 06:37:55',NULL,NULL,NULL,NULL,NULL,NULL,'Search_Event'),(218,NULL,NULL,'2017-11-05 06:38:11','0000-00-00 00:00:00','2017-11-05 06:38:11',NULL,NULL,NULL,NULL,NULL,NULL,'Search_Event'),(219,NULL,NULL,'2017-11-05 06:38:37','0000-00-00 00:00:00','2017-11-05 06:38:37',NULL,NULL,NULL,NULL,NULL,NULL,''),(220,NULL,NULL,'2017-11-05 06:38:49','0000-00-00 00:00:00','2017-11-05 06:38:49',NULL,NULL,NULL,NULL,NULL,NULL,'Search_Event'),(221,NULL,NULL,'2017-11-05 06:45:39','0000-00-00 00:00:00','2017-11-05 06:45:39',NULL,NULL,NULL,NULL,NULL,NULL,'GET_MASTER_DATA_SERVICE'),(222,NULL,NULL,'2017-11-05 06:45:42','0000-00-00 00:00:00','2017-11-05 06:45:42',NULL,NULL,NULL,NULL,NULL,NULL,'GET_MASTER_DATA_SERVICE'),(223,NULL,NULL,'2017-11-05 06:55:49','0000-00-00 00:00:00','2017-11-05 06:55:49',NULL,NULL,NULL,NULL,NULL,NULL,'GET_MASTER_DATA_SERVICE'),(224,NULL,NULL,'2017-11-05 07:46:41','0000-00-00 00:00:00','2017-11-05 07:46:41',NULL,NULL,NULL,NULL,NULL,NULL,'GET_MASTER_DATA_SERVICE'),(225,NULL,NULL,'2017-11-05 07:46:43','0000-00-00 00:00:00','2017-11-05 07:46:43',NULL,NULL,NULL,NULL,NULL,NULL,'GET_MASTER_DATA_SERVICE'),(226,NULL,NULL,'2017-11-05 07:48:14','0000-00-00 00:00:00','2017-11-05 07:48:14',NULL,NULL,NULL,NULL,NULL,NULL,'GET_MASTER_DATA_SERVICE'),(227,NULL,NULL,'2017-11-05 07:49:00','0000-00-00 00:00:00','2017-11-05 07:49:00',NULL,NULL,NULL,NULL,NULL,NULL,'GET_MASTER_DATA_SERVICE'),(228,NULL,NULL,'2017-11-05 07:49:22','0000-00-00 00:00:00','2017-11-05 07:49:22',NULL,NULL,NULL,NULL,NULL,NULL,'GET_MASTER_DATA_SERVICE'),(229,NULL,NULL,'2017-11-05 07:50:07','0000-00-00 00:00:00','2017-11-05 07:50:07',NULL,NULL,NULL,NULL,NULL,NULL,'GET_MASTER_DATA_SERVICE'),(230,NULL,NULL,'2017-11-05 07:56:23','0000-00-00 00:00:00','2017-11-05 07:56:23',NULL,NULL,NULL,NULL,NULL,NULL,'GET_MASTER_DATA_SERVICE'),(231,NULL,NULL,'2017-11-05 07:56:43','0000-00-00 00:00:00','2017-11-05 07:56:43',NULL,NULL,NULL,NULL,NULL,NULL,'GET_MASTER_DATA_SERVICE'),(232,NULL,NULL,'2017-11-05 07:57:14','0000-00-00 00:00:00','2017-11-05 07:57:14',NULL,NULL,NULL,NULL,NULL,NULL,'GET_MASTER_DATA_SERVICE'),(233,NULL,NULL,'2017-11-05 07:57:14','0000-00-00 00:00:00','2017-11-05 07:57:14',NULL,NULL,NULL,NULL,NULL,NULL,'GET_MASTER_DATA_SERVICE'),(234,NULL,NULL,'2017-11-05 07:57:14','0000-00-00 00:00:00','2017-11-05 07:57:14',NULL,NULL,NULL,NULL,NULL,NULL,'GET_MASTER_DATA_SERVICE'),(235,NULL,NULL,'2017-11-05 07:57:49','0000-00-00 00:00:00','2017-11-05 07:57:49',NULL,NULL,NULL,NULL,NULL,NULL,'GET_MASTER_DATA_SERVICE'),(236,NULL,NULL,'2017-11-05 07:58:46','0000-00-00 00:00:00','2017-11-05 07:58:46',NULL,NULL,NULL,NULL,NULL,NULL,'GET_MASTER_DATA_SERVICE'),(237,NULL,NULL,'2017-11-05 07:58:52','0000-00-00 00:00:00','2017-11-05 07:58:52',NULL,NULL,NULL,NULL,NULL,NULL,'GET_MASTER_DATA_SERVICE'),(238,NULL,NULL,'2017-11-05 07:58:53','0000-00-00 00:00:00','2017-11-05 07:58:53',NULL,NULL,NULL,NULL,NULL,NULL,'GET_MASTER_DATA_SERVICE'),(239,NULL,NULL,'2017-11-05 07:58:53','0000-00-00 00:00:00','2017-11-05 07:58:53',NULL,NULL,NULL,NULL,NULL,NULL,'GET_MASTER_DATA_SERVICE'),(240,NULL,NULL,'2017-11-05 08:02:17','0000-00-00 00:00:00','2017-11-05 08:02:17',NULL,NULL,NULL,NULL,NULL,NULL,'GET_MASTER_DATA_SERVICE'),(241,NULL,NULL,'2017-11-05 08:02:36','0000-00-00 00:00:00','2017-11-05 08:02:36',NULL,NULL,NULL,NULL,NULL,NULL,'GET_MASTER_DATA_SERVICE'),(242,NULL,NULL,'2017-11-05 08:03:06','0000-00-00 00:00:00','2017-11-05 08:03:06',NULL,NULL,NULL,NULL,NULL,NULL,'GET_MASTER_DATA_SERVICE'),(243,NULL,NULL,'2017-11-05 08:05:44','0000-00-00 00:00:00','2017-11-05 08:05:44',NULL,NULL,NULL,NULL,NULL,NULL,'GET_MASTER_DATA_SERVICE'),(244,NULL,NULL,'2017-11-05 08:07:50','0000-00-00 00:00:00','2017-11-05 08:07:50',NULL,NULL,NULL,NULL,NULL,NULL,'GET_MASTER_DATA_SERVICE'),(245,NULL,NULL,'2017-11-05 08:08:07','0000-00-00 00:00:00','2017-11-05 08:08:07',NULL,NULL,NULL,NULL,NULL,NULL,'Search_Event'),(246,NULL,NULL,'2017-11-05 08:08:14','0000-00-00 00:00:00','2017-11-05 08:08:14',NULL,NULL,NULL,NULL,NULL,NULL,'GET_MASTER_DATA_SERVICE'),(247,NULL,NULL,'2017-11-05 08:08:29','0000-00-00 00:00:00','2017-11-05 08:08:29',NULL,NULL,NULL,NULL,NULL,NULL,'GET_MASTER_DATA_SERVICE'),(248,NULL,NULL,'2017-11-05 08:08:50','0000-00-00 00:00:00','2017-11-05 08:08:50',NULL,NULL,NULL,NULL,NULL,NULL,'Search_Event'),(249,NULL,NULL,'2017-11-05 08:08:52','0000-00-00 00:00:00','2017-11-05 08:08:52',NULL,NULL,NULL,NULL,NULL,NULL,'GET_MASTER_DATA_SERVICE'),(250,NULL,NULL,'2017-11-05 08:09:49','0000-00-00 00:00:00','2017-11-05 08:09:49',NULL,NULL,NULL,NULL,NULL,NULL,'GET_MASTER_DATA_SERVICE'),(251,NULL,NULL,'2017-11-05 08:09:49','0000-00-00 00:00:00','2017-11-05 08:09:49',NULL,NULL,NULL,NULL,NULL,NULL,'GET_MASTER_DATA_SERVICE'),(252,NULL,NULL,'2017-11-05 08:09:49','0000-00-00 00:00:00','2017-11-05 08:09:49',NULL,NULL,NULL,NULL,NULL,NULL,'GET_MASTER_DATA_SERVICE'),(253,NULL,NULL,'2017-11-05 08:09:54','0000-00-00 00:00:00','2017-11-05 08:09:54',NULL,NULL,NULL,NULL,NULL,NULL,'Search_Event'),(254,NULL,NULL,'2017-11-05 08:10:07','0000-00-00 00:00:00','2017-11-05 08:10:07',NULL,NULL,NULL,NULL,NULL,NULL,'GET_MASTER_DATA_SERVICE'),(255,NULL,NULL,'2017-11-05 08:10:07','0000-00-00 00:00:00','2017-11-05 08:10:07',NULL,NULL,NULL,NULL,NULL,NULL,'GET_MASTER_DATA_SERVICE'),(256,NULL,NULL,'2017-11-05 08:10:07','0000-00-00 00:00:00','2017-11-05 08:10:07',NULL,NULL,NULL,NULL,NULL,NULL,'GET_MASTER_DATA_SERVICE'),(257,NULL,NULL,'2017-11-05 08:10:50','0000-00-00 00:00:00','2017-11-05 08:10:50',NULL,NULL,NULL,NULL,NULL,NULL,'GET_MASTER_DATA_SERVICE'),(258,NULL,NULL,'2017-11-05 08:10:50','0000-00-00 00:00:00','2017-11-05 08:10:50',NULL,NULL,NULL,NULL,NULL,NULL,'GET_MASTER_DATA_SERVICE'),(259,NULL,NULL,'2017-11-05 08:10:50','0000-00-00 00:00:00','2017-11-05 08:10:50',NULL,NULL,NULL,NULL,NULL,NULL,'GET_MASTER_DATA_SERVICE'),(260,NULL,NULL,'2017-11-05 08:14:40','0000-00-00 00:00:00','2017-11-05 08:14:40',NULL,NULL,NULL,NULL,NULL,NULL,'GET_MASTER_DATA_SERVICE'),(261,NULL,NULL,'2017-11-05 08:14:40','0000-00-00 00:00:00','2017-11-05 08:14:40',NULL,NULL,NULL,NULL,NULL,NULL,'GET_MASTER_DATA_SERVICE'),(262,NULL,NULL,'2017-11-05 08:14:40','0000-00-00 00:00:00','2017-11-05 08:14:40',NULL,NULL,NULL,NULL,NULL,NULL,'GET_MASTER_DATA_SERVICE'),(263,NULL,NULL,'2017-11-05 08:15:09','0000-00-00 00:00:00','2017-11-05 08:15:09',NULL,NULL,NULL,NULL,NULL,NULL,'GET_MASTER_DATA_SERVICE'),(264,NULL,NULL,'2017-11-05 08:15:09','0000-00-00 00:00:00','2017-11-05 08:15:09',NULL,NULL,NULL,NULL,NULL,NULL,'GET_MASTER_DATA_SERVICE'),(265,NULL,NULL,'2017-11-05 08:15:09','0000-00-00 00:00:00','2017-11-05 08:15:09',NULL,NULL,NULL,NULL,NULL,NULL,'GET_MASTER_DATA_SERVICE'),(266,NULL,NULL,'2017-11-05 08:16:25','0000-00-00 00:00:00','2017-11-05 08:16:25',NULL,NULL,NULL,NULL,NULL,NULL,'GET_MASTER_DATA_SERVICE'),(267,NULL,NULL,'2017-11-05 08:16:26','0000-00-00 00:00:00','2017-11-05 08:16:26',NULL,NULL,NULL,NULL,NULL,NULL,'GET_MASTER_DATA_SERVICE'),(268,NULL,NULL,'2017-11-05 08:16:26','0000-00-00 00:00:00','2017-11-05 08:16:26',NULL,NULL,NULL,NULL,NULL,NULL,'GET_MASTER_DATA_SERVICE'),(269,NULL,NULL,'2017-11-05 08:17:45','0000-00-00 00:00:00','2017-11-05 08:17:45',NULL,NULL,NULL,NULL,NULL,NULL,'GET_MASTER_DATA_SERVICE'),(270,NULL,NULL,'2017-11-05 08:17:45','0000-00-00 00:00:00','2017-11-05 08:17:45',NULL,NULL,NULL,NULL,NULL,NULL,'GET_MASTER_DATA_SERVICE'),(271,NULL,NULL,'2017-11-05 08:17:45','0000-00-00 00:00:00','2017-11-05 08:17:45',NULL,NULL,NULL,NULL,NULL,NULL,'GET_MASTER_DATA_SERVICE'),(272,NULL,NULL,'2017-11-05 08:21:25','0000-00-00 00:00:00','2017-11-05 08:21:25',NULL,NULL,NULL,NULL,NULL,NULL,'GET_MASTER_DATA_SERVICE'),(273,NULL,NULL,'2017-11-05 08:21:25','0000-00-00 00:00:00','2017-11-05 08:21:25',NULL,NULL,NULL,NULL,NULL,NULL,'GET_MASTER_DATA_SERVICE'),(274,NULL,NULL,'2017-11-05 08:21:25','0000-00-00 00:00:00','2017-11-05 08:21:25',NULL,NULL,NULL,NULL,NULL,NULL,'GET_MASTER_DATA_SERVICE'),(275,NULL,NULL,'2017-11-05 08:21:52','0000-00-00 00:00:00','2017-11-05 08:21:52',NULL,NULL,NULL,NULL,NULL,NULL,'GET_MASTER_DATA_SERVICE'),(276,NULL,NULL,'2017-11-05 08:21:52','0000-00-00 00:00:00','2017-11-05 08:21:52',NULL,NULL,NULL,NULL,NULL,NULL,'GET_MASTER_DATA_SERVICE'),(277,NULL,NULL,'2017-11-05 08:21:52','0000-00-00 00:00:00','2017-11-05 08:21:52',NULL,NULL,NULL,NULL,NULL,NULL,'GET_MASTER_DATA_SERVICE'),(278,NULL,NULL,'2017-11-05 08:22:33','0000-00-00 00:00:00','2017-11-05 08:22:33',NULL,NULL,NULL,NULL,NULL,NULL,'GET_MASTER_DATA_SERVICE'),(279,NULL,NULL,'2017-11-05 08:22:33','0000-00-00 00:00:00','2017-11-05 08:22:33',NULL,NULL,NULL,NULL,NULL,NULL,'GET_MASTER_DATA_SERVICE'),(280,NULL,NULL,'2017-11-05 08:22:33','0000-00-00 00:00:00','2017-11-05 08:22:33',NULL,NULL,NULL,NULL,NULL,NULL,'GET_MASTER_DATA_SERVICE'),(281,NULL,NULL,'2017-11-05 08:23:50','0000-00-00 00:00:00','2017-11-05 08:23:50',NULL,NULL,NULL,NULL,NULL,NULL,'GET_MASTER_DATA_SERVICE'),(282,NULL,NULL,'2017-11-05 08:23:50','0000-00-00 00:00:00','2017-11-05 08:23:50',NULL,NULL,NULL,NULL,NULL,NULL,'GET_MASTER_DATA_SERVICE'),(283,NULL,NULL,'2017-11-05 08:23:52','0000-00-00 00:00:00','2017-11-05 08:23:52',NULL,NULL,NULL,NULL,NULL,NULL,'GET_MASTER_DATA_SERVICE'),(284,NULL,NULL,'2017-11-05 08:23:52','0000-00-00 00:00:00','2017-11-05 08:23:52',NULL,NULL,NULL,NULL,NULL,NULL,'GET_MASTER_DATA_SERVICE'),(285,NULL,NULL,'2017-11-05 08:24:05','0000-00-00 00:00:00','2017-11-05 08:24:05',NULL,NULL,NULL,NULL,NULL,NULL,'GET_MASTER_DATA_SERVICE'),(286,NULL,NULL,'2017-11-05 08:24:05','0000-00-00 00:00:00','2017-11-05 08:24:05',NULL,NULL,NULL,NULL,NULL,NULL,'GET_MASTER_DATA_SERVICE'),(287,NULL,NULL,'2017-11-05 08:26:19','0000-00-00 00:00:00','2017-11-05 08:26:19',NULL,NULL,NULL,NULL,NULL,NULL,'GET_MASTER_DATA_SERVICE'),(288,NULL,NULL,'2017-11-05 08:26:19','0000-00-00 00:00:00','2017-11-05 08:26:19',NULL,NULL,NULL,NULL,NULL,NULL,'GET_MASTER_DATA_SERVICE'),(289,NULL,NULL,'2017-11-05 08:26:32','0000-00-00 00:00:00','2017-11-05 08:26:32',NULL,NULL,NULL,NULL,NULL,NULL,'GET_MASTER_DATA_SERVICE'),(290,NULL,NULL,'2017-11-05 08:26:32','0000-00-00 00:00:00','2017-11-05 08:26:32',NULL,NULL,NULL,NULL,NULL,NULL,'GET_MASTER_DATA_SERVICE'),(291,NULL,NULL,'2017-11-05 08:27:23','0000-00-00 00:00:00','2017-11-05 08:27:23',NULL,NULL,NULL,NULL,NULL,NULL,'GET_MASTER_DATA_SERVICE'),(292,NULL,NULL,'2017-11-05 08:27:27','0000-00-00 00:00:00','2017-11-05 08:27:27',NULL,NULL,NULL,NULL,NULL,NULL,'GET_MASTER_DATA_SERVICE'),(293,NULL,NULL,'2017-11-05 08:28:34','0000-00-00 00:00:00','2017-11-05 08:28:34',NULL,NULL,NULL,NULL,NULL,NULL,'GET_MASTER_DATA_SERVICE'),(294,NULL,NULL,'2017-11-05 08:33:16','0000-00-00 00:00:00','2017-11-05 08:33:16',NULL,NULL,NULL,NULL,NULL,NULL,'GET_MASTER_DATA_SERVICE'),(295,NULL,NULL,'2017-11-05 08:34:29','0000-00-00 00:00:00','2017-11-05 08:34:29',NULL,NULL,NULL,NULL,NULL,NULL,'GET_MASTER_DATA_SERVICE'),(296,NULL,NULL,'2017-11-05 08:40:34','0000-00-00 00:00:00','2017-11-05 08:40:34',NULL,NULL,NULL,NULL,NULL,NULL,'GET_MASTER_DATA_SERVICE'),(297,NULL,NULL,'2017-11-05 08:40:39','0000-00-00 00:00:00','2017-11-05 08:40:39',NULL,NULL,NULL,NULL,NULL,NULL,'GET_MASTER_DATA_SERVICE'),(298,NULL,NULL,'2017-11-05 08:41:11','0000-00-00 00:00:00','2017-11-05 08:41:11',NULL,NULL,NULL,NULL,NULL,NULL,'GET_MASTER_DATA_SERVICE'),(299,NULL,NULL,'2017-11-05 08:41:19','0000-00-00 00:00:00','2017-11-05 08:41:19',NULL,NULL,NULL,NULL,NULL,NULL,'GET_MASTER_DATA_SERVICE'),(300,NULL,NULL,'2017-11-05 08:42:08','0000-00-00 00:00:00','2017-11-05 08:42:08',NULL,NULL,NULL,NULL,NULL,NULL,'GET_MASTER_DATA_SERVICE'),(301,NULL,NULL,'2017-11-05 08:42:15','0000-00-00 00:00:00','2017-11-05 08:42:15',NULL,NULL,NULL,NULL,NULL,NULL,'GET_MASTER_DATA_SERVICE'),(302,NULL,NULL,'2017-11-05 08:42:24','0000-00-00 00:00:00','2017-11-05 08:42:24',NULL,NULL,NULL,NULL,NULL,NULL,'GET_MASTER_DATA_SERVICE'),(303,NULL,NULL,'2017-11-05 08:43:51','0000-00-00 00:00:00','2017-11-05 08:43:51',NULL,NULL,NULL,NULL,NULL,NULL,'GET_MASTER_DATA_SERVICE'),(304,NULL,NULL,'2017-11-05 08:43:53','0000-00-00 00:00:00','2017-11-05 08:43:53',NULL,NULL,NULL,NULL,NULL,NULL,'GET_MASTER_DATA_SERVICE'),(305,NULL,NULL,'2017-11-05 08:44:02','0000-00-00 00:00:00','2017-11-05 08:44:02',NULL,NULL,NULL,NULL,NULL,NULL,'GET_MASTER_DATA_SERVICE'),(306,NULL,NULL,'2017-11-05 08:44:04','0000-00-00 00:00:00','2017-11-05 08:44:04',NULL,NULL,NULL,NULL,NULL,NULL,'GET_MASTER_DATA_SERVICE'),(307,NULL,NULL,'2017-11-05 08:44:51','0000-00-00 00:00:00','2017-11-05 08:44:51',NULL,NULL,NULL,NULL,NULL,NULL,'GET_MASTER_DATA_SERVICE'),(308,NULL,NULL,'2017-11-05 08:44:52','0000-00-00 00:00:00','2017-11-05 08:44:52',NULL,NULL,NULL,NULL,NULL,NULL,'GET_MASTER_DATA_SERVICE'),(309,NULL,NULL,'2017-11-05 08:45:02','0000-00-00 00:00:00','2017-11-05 08:45:02',NULL,NULL,NULL,NULL,NULL,NULL,'GET_MASTER_DATA_SERVICE'),(310,NULL,NULL,'2017-11-05 08:47:36','0000-00-00 00:00:00','2017-11-05 08:47:36',NULL,NULL,NULL,NULL,NULL,NULL,'GET_MASTER_DATA_SERVICE'),(311,NULL,NULL,'2017-11-05 08:47:38','0000-00-00 00:00:00','2017-11-05 08:47:38',NULL,NULL,NULL,NULL,NULL,NULL,'GET_MASTER_DATA_SERVICE'),(312,NULL,NULL,'2017-11-05 08:48:11','0000-00-00 00:00:00','2017-11-05 08:48:11',NULL,NULL,NULL,NULL,NULL,NULL,'GET_MASTER_DATA_SERVICE'),(313,NULL,NULL,'2017-11-05 08:51:07','0000-00-00 00:00:00','2017-11-05 08:51:07',NULL,NULL,NULL,NULL,NULL,NULL,'GET_MASTER_DATA_SERVICE'),(314,NULL,NULL,'2017-11-05 08:51:34','0000-00-00 00:00:00','2017-11-05 08:51:34',NULL,NULL,NULL,NULL,NULL,NULL,'GET_MASTER_DATA_SERVICE'),(315,NULL,NULL,'2017-11-05 08:51:38','0000-00-00 00:00:00','2017-11-05 08:51:38',NULL,NULL,NULL,NULL,NULL,NULL,'GET_MASTER_DATA_SERVICE'),(316,NULL,NULL,'2017-11-05 08:51:51','0000-00-00 00:00:00','2017-11-05 08:51:51',NULL,NULL,NULL,NULL,NULL,NULL,'GET_MASTER_DATA_SERVICE'),(317,NULL,NULL,'2017-11-05 08:52:01','0000-00-00 00:00:00','2017-11-05 08:52:01',NULL,NULL,NULL,NULL,NULL,NULL,'GET_MASTER_DATA_SERVICE'),(318,NULL,NULL,'2017-11-05 08:52:42','0000-00-00 00:00:00','2017-11-05 08:52:42',NULL,NULL,NULL,NULL,NULL,NULL,'GET_MASTER_DATA_SERVICE'),(319,NULL,NULL,'2017-11-05 08:52:43','0000-00-00 00:00:00','2017-11-05 08:52:43',NULL,NULL,NULL,NULL,NULL,NULL,'GET_MASTER_DATA_SERVICE'),(320,NULL,NULL,'2017-11-05 08:52:45','0000-00-00 00:00:00','2017-11-05 08:52:45',NULL,NULL,NULL,NULL,NULL,NULL,'GET_MASTER_DATA_SERVICE'),(321,NULL,NULL,'2017-11-05 08:53:13','0000-00-00 00:00:00','2017-11-05 08:53:13',NULL,NULL,NULL,NULL,NULL,NULL,'GET_MASTER_DATA_SERVICE'),(322,NULL,NULL,'2017-11-05 08:53:13','0000-00-00 00:00:00','2017-11-05 08:53:13',NULL,NULL,NULL,NULL,NULL,NULL,'GET_MASTER_DATA_SERVICE'),(323,NULL,NULL,'2017-11-05 08:53:33','0000-00-00 00:00:00','2017-11-05 08:53:33',NULL,NULL,NULL,NULL,NULL,NULL,'GET_MASTER_DATA_SERVICE'),(324,NULL,NULL,'2017-11-05 08:53:33','0000-00-00 00:00:00','2017-11-05 08:53:33',NULL,NULL,NULL,NULL,NULL,NULL,'GET_MASTER_DATA_SERVICE'),(325,NULL,NULL,'2017-11-05 08:53:41','0000-00-00 00:00:00','2017-11-05 08:53:41',NULL,NULL,NULL,NULL,NULL,NULL,'GET_MASTER_DATA_SERVICE'),(326,NULL,NULL,'2017-11-05 08:54:38','0000-00-00 00:00:00','2017-11-05 08:54:38',NULL,NULL,NULL,NULL,NULL,NULL,'GET_MASTER_DATA_SERVICE'),(327,NULL,NULL,'2017-11-05 08:55:19','0000-00-00 00:00:00','2017-11-05 08:55:19',NULL,NULL,NULL,NULL,NULL,NULL,'GET_MASTER_DATA_SERVICE'),(328,NULL,NULL,'2017-11-05 08:56:48','0000-00-00 00:00:00','2017-11-05 08:56:48',NULL,NULL,NULL,NULL,NULL,NULL,'GET_MASTER_DATA_SERVICE'),(329,NULL,NULL,'2017-11-05 08:57:20','0000-00-00 00:00:00','2017-11-05 08:57:20',NULL,NULL,NULL,NULL,NULL,NULL,'GET_MASTER_DATA_SERVICE'),(330,NULL,NULL,'2017-11-05 08:58:38','0000-00-00 00:00:00','2017-11-05 08:58:38',NULL,NULL,NULL,NULL,NULL,NULL,'GET_MASTER_DATA_SERVICE'),(331,NULL,NULL,'2017-11-05 08:58:53','0000-00-00 00:00:00','2017-11-05 08:58:53',NULL,NULL,NULL,NULL,NULL,NULL,'GET_MASTER_DATA_SERVICE'),(332,NULL,NULL,'2017-11-05 08:59:18','0000-00-00 00:00:00','2017-11-05 08:59:18',NULL,NULL,NULL,NULL,NULL,NULL,'GET_MASTER_DATA_SERVICE'),(333,NULL,NULL,'2017-11-05 08:59:53','0000-00-00 00:00:00','2017-11-05 08:59:53',NULL,NULL,NULL,NULL,NULL,NULL,'GET_MASTER_DATA_SERVICE'),(334,NULL,NULL,'2017-11-05 09:00:11','0000-00-00 00:00:00','2017-11-05 09:00:11',NULL,NULL,NULL,NULL,NULL,NULL,'GET_MASTER_DATA_SERVICE'),(335,NULL,NULL,'2017-11-05 09:00:28','0000-00-00 00:00:00','2017-11-05 09:00:28',NULL,NULL,NULL,NULL,NULL,NULL,'GET_MASTER_DATA_SERVICE'),(336,NULL,NULL,'2017-11-05 09:01:43','0000-00-00 00:00:00','2017-11-05 09:01:43',NULL,NULL,NULL,NULL,NULL,NULL,'GET_MASTER_DATA_SERVICE'),(337,NULL,NULL,'2017-11-05 09:02:22','0000-00-00 00:00:00','2017-11-05 09:02:22',NULL,NULL,NULL,NULL,NULL,NULL,'GET_MASTER_DATA_SERVICE'),(338,NULL,NULL,'2017-11-05 09:03:18','0000-00-00 00:00:00','2017-11-05 09:03:18',NULL,NULL,NULL,NULL,NULL,NULL,'GET_MASTER_DATA_SERVICE'),(339,NULL,NULL,'2017-11-05 09:03:55','0000-00-00 00:00:00','2017-11-05 09:03:55',NULL,NULL,NULL,NULL,NULL,NULL,'GET_MASTER_DATA_SERVICE'),(340,NULL,NULL,'2017-11-05 09:04:40','0000-00-00 00:00:00','2017-11-05 09:04:40',NULL,NULL,NULL,NULL,NULL,NULL,'GET_MASTER_DATA_SERVICE'),(341,NULL,NULL,'2017-11-05 09:07:51','0000-00-00 00:00:00','2017-11-05 09:07:51',NULL,NULL,NULL,NULL,NULL,NULL,'GET_MASTER_DATA_SERVICE'),(342,NULL,NULL,'2017-11-05 09:09:17','0000-00-00 00:00:00','2017-11-05 09:09:17',NULL,NULL,NULL,NULL,NULL,NULL,'GET_MASTER_DATA_SERVICE'),(343,NULL,NULL,'2017-11-05 09:09:53','0000-00-00 00:00:00','2017-11-05 09:09:53',NULL,NULL,NULL,NULL,NULL,NULL,'GET_MASTER_DATA_SERVICE'),(344,NULL,NULL,'2017-11-05 09:10:49','0000-00-00 00:00:00','2017-11-05 09:10:49',NULL,NULL,NULL,NULL,NULL,NULL,'GET_MASTER_DATA_SERVICE'),(345,NULL,NULL,'2017-11-05 09:11:36','0000-00-00 00:00:00','2017-11-05 09:11:36',NULL,NULL,NULL,NULL,NULL,NULL,'GET_MASTER_DATA_SERVICE'),(346,NULL,NULL,'2017-11-05 09:12:24','0000-00-00 00:00:00','2017-11-05 09:12:24',NULL,NULL,NULL,NULL,NULL,NULL,'GET_MASTER_DATA_SERVICE'),(347,NULL,NULL,'2017-11-05 09:13:28','0000-00-00 00:00:00','2017-11-05 09:13:28',NULL,NULL,NULL,NULL,NULL,NULL,'GET_MASTER_DATA_SERVICE'),(348,NULL,NULL,'2017-11-05 09:13:55','0000-00-00 00:00:00','2017-11-05 09:13:55',NULL,NULL,NULL,NULL,NULL,NULL,'GET_MASTER_DATA_SERVICE'),(349,NULL,NULL,'2017-11-05 09:14:51','0000-00-00 00:00:00','2017-11-05 09:14:51',NULL,NULL,NULL,NULL,NULL,NULL,'GET_MASTER_DATA_SERVICE'),(350,NULL,NULL,'2017-11-05 09:14:53','0000-00-00 00:00:00','2017-11-05 09:14:53',NULL,NULL,NULL,NULL,NULL,NULL,'GET_MASTER_DATA_SERVICE'),(351,NULL,NULL,'2017-11-05 09:16:35','0000-00-00 00:00:00','2017-11-05 09:16:35',NULL,NULL,NULL,NULL,NULL,NULL,'GET_MASTER_DATA_SERVICE'),(352,NULL,NULL,'2017-11-05 09:16:44','0000-00-00 00:00:00','2017-11-05 09:16:44',NULL,NULL,NULL,NULL,NULL,NULL,'GET_MASTER_DATA_SERVICE'),(353,NULL,NULL,'2017-11-05 09:17:06','0000-00-00 00:00:00','2017-11-05 09:17:06',NULL,NULL,NULL,NULL,NULL,NULL,'GET_MASTER_DATA_SERVICE'),(354,NULL,NULL,'2017-11-05 09:20:07','0000-00-00 00:00:00','2017-11-05 09:20:07',NULL,NULL,NULL,NULL,NULL,NULL,'Search_Event'),(355,NULL,NULL,'2017-11-05 09:21:55','0000-00-00 00:00:00','2017-11-05 09:21:55',NULL,NULL,NULL,NULL,NULL,NULL,'GET_MASTER_DATA_SERVICE'),(356,NULL,NULL,'2017-11-05 09:21:58','0000-00-00 00:00:00','2017-11-05 09:21:58',NULL,NULL,NULL,NULL,NULL,NULL,'Search_Event'),(357,NULL,NULL,'2017-11-05 09:22:11','0000-00-00 00:00:00','2017-11-05 09:22:11',NULL,NULL,NULL,NULL,NULL,NULL,'Search_Event'),(358,NULL,NULL,'2017-11-05 09:22:37','0000-00-00 00:00:00','2017-11-05 09:22:37',NULL,NULL,NULL,NULL,NULL,NULL,'Search_Event'),(359,NULL,NULL,'2017-11-05 09:23:28','0000-00-00 00:00:00','2017-11-05 09:23:28',NULL,NULL,NULL,NULL,NULL,NULL,'GET_MASTER_DATA_SERVICE'),(360,NULL,NULL,'2017-11-05 09:23:34','0000-00-00 00:00:00','2017-11-05 09:23:34',NULL,NULL,NULL,NULL,NULL,NULL,'Search_Event'),(361,NULL,NULL,'2017-11-05 09:25:44','0000-00-00 00:00:00','2017-11-05 09:25:44',NULL,NULL,NULL,NULL,NULL,NULL,'Search_Event'),(362,NULL,NULL,'2017-11-05 09:26:25','0000-00-00 00:00:00','2017-11-05 09:26:25',NULL,NULL,NULL,NULL,NULL,NULL,'Search_Event'),(363,NULL,NULL,'2017-11-05 09:27:14','0000-00-00 00:00:00','2017-11-05 09:27:14',NULL,NULL,NULL,NULL,NULL,NULL,'GET_MASTER_DATA_SERVICE'),(364,NULL,NULL,'2017-11-05 09:27:42','0000-00-00 00:00:00','2017-11-05 09:27:42',NULL,NULL,NULL,NULL,NULL,NULL,'GET_MASTER_DATA_SERVICE'),(365,NULL,NULL,'2017-11-05 09:28:14','0000-00-00 00:00:00','2017-11-05 09:28:14',NULL,NULL,NULL,NULL,NULL,NULL,'Search_Event'),(366,NULL,NULL,'2017-11-05 09:29:49','0000-00-00 00:00:00','2017-11-05 09:29:49',NULL,NULL,NULL,NULL,NULL,NULL,'GET_MASTER_DATA_SERVICE'),(367,NULL,NULL,'2017-11-05 09:30:01','0000-00-00 00:00:00','2017-11-05 09:30:01',NULL,NULL,NULL,NULL,NULL,NULL,'GET_MASTER_DATA_SERVICE'),(368,NULL,NULL,'2017-11-05 09:30:28','0000-00-00 00:00:00','2017-11-05 09:30:28',NULL,NULL,NULL,NULL,NULL,NULL,'Search_Event'),(369,NULL,NULL,'2017-11-05 09:31:36','0000-00-00 00:00:00','2017-11-05 09:31:36',NULL,NULL,NULL,NULL,NULL,NULL,'Search_Event'),(370,NULL,NULL,'2017-11-05 09:32:10','0000-00-00 00:00:00','2017-11-05 09:32:10',NULL,NULL,NULL,NULL,NULL,NULL,'GET_MASTER_DATA_SERVICE'),(371,NULL,NULL,'2017-11-05 09:33:28','0000-00-00 00:00:00','2017-11-05 09:33:28',NULL,NULL,NULL,NULL,NULL,NULL,'GET_MASTER_DATA_SERVICE'),(372,NULL,NULL,'2017-11-05 09:34:02','0000-00-00 00:00:00','2017-11-05 09:34:02',NULL,NULL,NULL,NULL,NULL,NULL,'Search_Event'),(373,NULL,NULL,'2017-11-05 09:35:48','0000-00-00 00:00:00','2017-11-05 09:35:48',NULL,NULL,NULL,NULL,NULL,NULL,'GET_MASTER_DATA_SERVICE'),(374,NULL,NULL,'2017-11-05 09:36:47','0000-00-00 00:00:00','2017-11-05 09:36:47',NULL,NULL,NULL,NULL,NULL,NULL,'GET_MASTER_DATA_SERVICE'),(375,NULL,NULL,'2017-11-05 09:37:05','0000-00-00 00:00:00','2017-11-05 09:37:05',NULL,NULL,NULL,NULL,NULL,NULL,'GET_MASTER_DATA_SERVICE'),(376,NULL,NULL,'2017-11-05 09:38:24','0000-00-00 00:00:00','2017-11-05 09:38:24',NULL,NULL,NULL,NULL,NULL,NULL,'GET_MASTER_DATA_SERVICE'),(377,NULL,NULL,'2017-11-05 09:38:30','0000-00-00 00:00:00','2017-11-05 09:38:30',NULL,NULL,NULL,NULL,NULL,NULL,'Search_Event'),(378,NULL,NULL,'2017-11-05 09:38:38','0000-00-00 00:00:00','2017-11-05 09:38:38',NULL,NULL,NULL,NULL,NULL,NULL,'Search_Event'),(379,NULL,NULL,'2017-11-05 09:39:06','0000-00-00 00:00:00','2017-11-05 09:39:06',NULL,NULL,NULL,NULL,NULL,NULL,'GET_MASTER_DATA_SERVICE'),(380,NULL,NULL,'2017-11-05 09:39:08','0000-00-00 00:00:00','2017-11-05 09:39:08',NULL,NULL,NULL,NULL,NULL,NULL,'Search_Event'),(381,NULL,NULL,'2017-11-05 09:39:14','0000-00-00 00:00:00','2017-11-05 09:39:14',NULL,NULL,NULL,NULL,NULL,NULL,'Search_Event'),(382,NULL,NULL,'2017-11-05 09:40:02','0000-00-00 00:00:00','2017-11-05 09:40:02',NULL,NULL,NULL,NULL,NULL,NULL,'GET_MASTER_DATA_SERVICE'),(383,NULL,NULL,'2017-11-05 09:40:35','0000-00-00 00:00:00','2017-11-05 09:40:35',NULL,NULL,NULL,NULL,NULL,NULL,'Search_Event'),(384,NULL,NULL,'2017-11-05 09:43:07','0000-00-00 00:00:00','2017-11-05 09:43:07',NULL,NULL,NULL,NULL,NULL,NULL,'GET_MASTER_DATA_SERVICE'),(385,NULL,NULL,'2017-11-05 09:43:24','0000-00-00 00:00:00','2017-11-05 09:43:24',NULL,NULL,NULL,NULL,NULL,NULL,'Search_Event'),(386,NULL,NULL,'2017-11-05 09:44:00','0000-00-00 00:00:00','2017-11-05 09:44:00',NULL,NULL,NULL,NULL,NULL,NULL,'Search_Event'),(387,NULL,NULL,'2017-11-05 09:45:29','0000-00-00 00:00:00','2017-11-05 09:45:29',NULL,NULL,NULL,NULL,NULL,NULL,'GET_MASTER_DATA_SERVICE'),(388,NULL,NULL,'2017-11-05 09:45:31','0000-00-00 00:00:00','2017-11-05 09:45:31',NULL,NULL,NULL,NULL,NULL,NULL,'GET_MASTER_DATA_SERVICE'),(389,NULL,NULL,'2017-11-05 09:45:42','0000-00-00 00:00:00','2017-11-05 09:45:42',NULL,NULL,NULL,NULL,NULL,NULL,'GET_MASTER_DATA_SERVICE'),(390,NULL,NULL,'2017-11-05 09:45:48','0000-00-00 00:00:00','2017-11-05 09:45:48',NULL,NULL,NULL,NULL,NULL,NULL,'Search_Event'),(391,NULL,NULL,'2017-11-05 09:46:22','0000-00-00 00:00:00','2017-11-05 09:46:22',NULL,NULL,NULL,NULL,NULL,NULL,'Search_Event'),(392,NULL,NULL,'2017-11-05 09:54:40','0000-00-00 00:00:00','2017-11-05 09:54:40',NULL,NULL,NULL,NULL,NULL,NULL,'GET_MASTER_DATA_SERVICE'),(393,NULL,NULL,'2017-11-05 09:54:55','0000-00-00 00:00:00','2017-11-05 09:54:55',NULL,NULL,NULL,NULL,NULL,NULL,''),(394,NULL,NULL,'2017-11-05 09:55:08','0000-00-00 00:00:00','2017-11-05 09:55:08',NULL,NULL,NULL,NULL,NULL,NULL,''),(395,NULL,NULL,'2017-11-05 09:55:49','0000-00-00 00:00:00','2017-11-05 09:55:49',NULL,NULL,NULL,NULL,NULL,NULL,''),(396,NULL,NULL,'2017-11-05 09:57:23','0000-00-00 00:00:00','2017-11-05 09:57:23',NULL,NULL,NULL,NULL,NULL,NULL,'GET_MASTER_DATA_SERVICE'),(397,NULL,NULL,'2017-11-05 09:57:25','0000-00-00 00:00:00','2017-11-05 09:57:25',NULL,NULL,NULL,NULL,NULL,NULL,''),(398,NULL,NULL,'2017-11-05 09:57:36','0000-00-00 00:00:00','2017-11-05 09:57:36',NULL,NULL,NULL,NULL,NULL,NULL,''),(399,NULL,NULL,'2017-11-05 09:58:37','0000-00-00 00:00:00','2017-11-05 09:58:37',NULL,NULL,NULL,NULL,NULL,NULL,''),(400,NULL,NULL,'2017-11-05 10:01:32','0000-00-00 00:00:00','2017-11-05 10:01:32',NULL,NULL,NULL,NULL,NULL,NULL,'GET_MASTER_DATA_SERVICE'),(401,NULL,NULL,'2017-11-05 10:01:33','0000-00-00 00:00:00','2017-11-05 10:01:33',NULL,NULL,NULL,NULL,NULL,NULL,'GET_MASTER_DATA_SERVICE'),(402,NULL,NULL,'2017-11-05 10:01:53','0000-00-00 00:00:00','2017-11-05 10:01:53',NULL,NULL,NULL,NULL,NULL,NULL,''),(403,NULL,NULL,'2017-11-05 10:04:00','0000-00-00 00:00:00','2017-11-05 10:04:00',NULL,NULL,NULL,NULL,NULL,NULL,'GET_MASTER_DATA_SERVICE'),(404,NULL,NULL,'2017-11-05 10:04:06','0000-00-00 00:00:00','2017-11-05 10:04:06',NULL,NULL,NULL,NULL,NULL,NULL,''),(405,NULL,NULL,'2017-11-05 10:04:45','0000-00-00 00:00:00','2017-11-05 10:04:45',NULL,NULL,NULL,NULL,NULL,NULL,'GET_MASTER_DATA_SERVICE'),(406,NULL,NULL,'2017-11-05 10:04:53','0000-00-00 00:00:00','2017-11-05 10:04:53',NULL,NULL,NULL,NULL,NULL,NULL,''),(407,NULL,NULL,'2017-11-05 10:05:11','0000-00-00 00:00:00','2017-11-05 10:05:11',NULL,NULL,NULL,NULL,NULL,NULL,'GET_MASTER_DATA_SERVICE'),(408,NULL,NULL,'2017-11-05 10:05:17','0000-00-00 00:00:00','2017-11-05 10:05:17',NULL,NULL,NULL,NULL,NULL,NULL,''),(409,NULL,NULL,'2017-11-05 10:06:36','0000-00-00 00:00:00','2017-11-05 10:06:36',NULL,NULL,NULL,NULL,NULL,NULL,'GET_MASTER_DATA_SERVICE'),(410,NULL,NULL,'2017-11-05 10:06:44','0000-00-00 00:00:00','2017-11-05 10:06:44',NULL,NULL,NULL,NULL,NULL,NULL,''),(411,NULL,NULL,'2017-11-05 10:07:05','0000-00-00 00:00:00','2017-11-05 10:07:05',NULL,NULL,NULL,NULL,NULL,NULL,'GET_MASTER_DATA_SERVICE'),(412,NULL,NULL,'2017-11-05 10:07:05','0000-00-00 00:00:00','2017-11-05 10:07:05',NULL,NULL,NULL,NULL,NULL,NULL,'GET_MASTER_DATA_SERVICE'),(413,NULL,NULL,'2017-11-05 10:07:10','0000-00-00 00:00:00','2017-11-05 10:07:10',NULL,NULL,NULL,NULL,NULL,NULL,''),(414,NULL,NULL,'2017-11-05 10:07:33','0000-00-00 00:00:00','2017-11-05 10:07:33',NULL,NULL,NULL,NULL,NULL,NULL,'GET_MASTER_DATA_SERVICE'),(415,NULL,NULL,'2017-11-05 10:07:45','0000-00-00 00:00:00','2017-11-05 10:07:45',NULL,NULL,NULL,NULL,NULL,NULL,'GET_MASTER_DATA_SERVICE'),(416,NULL,NULL,'2017-11-05 10:07:51','0000-00-00 00:00:00','2017-11-05 10:07:51',NULL,NULL,NULL,NULL,NULL,NULL,''),(417,NULL,NULL,'2017-11-05 10:11:23','0000-00-00 00:00:00','2017-11-05 10:11:23',NULL,NULL,NULL,NULL,NULL,NULL,'GET_MASTER_DATA_SERVICE'),(418,NULL,NULL,'2017-11-05 10:12:33','0000-00-00 00:00:00','2017-11-05 10:12:33',NULL,NULL,NULL,NULL,NULL,NULL,'GET_MASTER_DATA_SERVICE'),(419,NULL,NULL,'2017-11-05 10:14:15','0000-00-00 00:00:00','2017-11-05 10:14:15',NULL,NULL,NULL,NULL,NULL,NULL,'GET_MASTER_DATA_SERVICE'),(420,NULL,NULL,'2017-11-05 12:14:00','0000-00-00 00:00:00','2017-11-05 12:14:00',NULL,NULL,NULL,NULL,NULL,NULL,'GET_MASTER_DATA_SERVICE'),(421,NULL,NULL,'2017-11-05 12:18:15','0000-00-00 00:00:00','2017-11-05 12:18:15',NULL,NULL,NULL,NULL,NULL,NULL,'GET_MASTER_DATA_SERVICE'),(422,NULL,NULL,'2017-11-05 12:19:01','0000-00-00 00:00:00','2017-11-05 12:19:01',NULL,NULL,NULL,NULL,NULL,NULL,'GET_MASTER_DATA_SERVICE'),(423,NULL,NULL,'2017-11-05 12:19:03','0000-00-00 00:00:00','2017-11-05 12:19:03',NULL,NULL,NULL,NULL,NULL,NULL,'GET_MASTER_DATA_SERVICE'),(424,NULL,NULL,'2017-11-05 12:19:16','0000-00-00 00:00:00','2017-11-05 12:19:16',NULL,NULL,NULL,NULL,NULL,NULL,'GET_MASTER_DATA_SERVICE'),(425,NULL,NULL,'2017-11-05 12:19:16','0000-00-00 00:00:00','2017-11-05 12:19:16',NULL,NULL,NULL,NULL,NULL,NULL,'GET_MASTER_DATA_SERVICE'),(426,NULL,NULL,'2017-11-05 12:19:26','0000-00-00 00:00:00','2017-11-05 12:19:26',NULL,NULL,NULL,NULL,NULL,NULL,''),(427,NULL,NULL,'2017-11-05 12:19:51','0000-00-00 00:00:00','2017-11-05 12:19:51',NULL,NULL,NULL,NULL,NULL,NULL,'GET_MASTER_DATA_SERVICE'),(428,NULL,NULL,'2017-11-05 12:20:08','0000-00-00 00:00:00','2017-11-05 12:20:08',NULL,NULL,NULL,NULL,NULL,NULL,'GET_MASTER_DATA_SERVICE'),(429,NULL,NULL,'2017-11-05 12:20:11','0000-00-00 00:00:00','2017-11-05 12:20:11',NULL,NULL,NULL,NULL,NULL,NULL,'GET_MASTER_DATA_SERVICE'),(430,NULL,NULL,'2017-11-05 12:20:50','0000-00-00 00:00:00','2017-11-05 12:20:50',NULL,NULL,NULL,NULL,NULL,NULL,'GET_MASTER_DATA_SERVICE'),(431,NULL,NULL,'2017-11-05 12:20:58','0000-00-00 00:00:00','2017-11-05 12:20:58',NULL,NULL,NULL,NULL,NULL,NULL,'GET_MASTER_DATA_SERVICE'),(432,NULL,NULL,'2017-11-05 12:31:30','0000-00-00 00:00:00','2017-11-05 12:31:30',NULL,NULL,NULL,NULL,NULL,NULL,'GET_MASTER_DATA_SERVICE'),(433,NULL,NULL,'2017-11-05 12:31:46','0000-00-00 00:00:00','2017-11-05 12:31:46',NULL,NULL,NULL,NULL,NULL,NULL,'GET_MASTER_DATA_SERVICE'),(434,NULL,NULL,'2017-11-05 12:38:33','0000-00-00 00:00:00','2017-11-05 12:38:33',NULL,NULL,NULL,NULL,NULL,NULL,'GET_MASTER_DATA_SERVICE'),(435,NULL,NULL,'2017-11-05 12:40:38','0000-00-00 00:00:00','2017-11-05 12:40:38',NULL,NULL,NULL,NULL,NULL,NULL,'GET_MASTER_DATA_SERVICE'),(436,NULL,NULL,'2017-11-05 12:45:11','0000-00-00 00:00:00','2017-11-05 12:45:11',NULL,NULL,NULL,NULL,NULL,NULL,'GET_MASTER_DATA_SERVICE'),(437,NULL,NULL,'2017-11-05 12:55:10','0000-00-00 00:00:00','2017-11-05 12:55:10',NULL,NULL,NULL,NULL,NULL,NULL,'GET_MASTER_DATA_SERVICE'),(438,NULL,NULL,'2017-11-05 12:55:41','0000-00-00 00:00:00','2017-11-05 12:55:41',NULL,NULL,NULL,NULL,NULL,NULL,'GET_MASTER_DATA_SERVICE'),(439,NULL,NULL,'2017-11-05 12:56:34','0000-00-00 00:00:00','2017-11-05 12:56:34',NULL,NULL,NULL,NULL,NULL,NULL,'GET_MASTER_DATA_SERVICE'),(440,NULL,NULL,'2017-11-05 12:57:51','0000-00-00 00:00:00','2017-11-05 12:57:51',NULL,NULL,NULL,NULL,NULL,NULL,'GET_MASTER_DATA_SERVICE'),(441,NULL,NULL,'2017-11-05 12:57:52','0000-00-00 00:00:00','2017-11-05 12:57:52',NULL,NULL,NULL,NULL,NULL,NULL,'GET_MASTER_DATA_SERVICE'),(442,NULL,NULL,'2017-11-05 12:58:00','0000-00-00 00:00:00','2017-11-05 12:58:00',NULL,NULL,NULL,NULL,NULL,NULL,''),(443,NULL,NULL,'2017-11-05 12:59:00','0000-00-00 00:00:00','2017-11-05 12:59:00',NULL,NULL,NULL,NULL,NULL,NULL,'GET_MASTER_DATA_SERVICE'),(444,NULL,NULL,'2017-11-05 13:01:19','0000-00-00 00:00:00','2017-11-05 13:01:19',NULL,NULL,NULL,NULL,NULL,NULL,'GET_MASTER_DATA_SERVICE'),(445,NULL,NULL,'2017-11-05 13:06:15','0000-00-00 00:00:00','2017-11-05 13:06:15',NULL,NULL,NULL,NULL,NULL,NULL,'GET_MASTER_DATA_SERVICE'),(446,NULL,NULL,'2017-11-05 13:08:02','0000-00-00 00:00:00','2017-11-05 13:08:02',NULL,NULL,NULL,NULL,NULL,NULL,'GET_MASTER_DATA_SERVICE'),(447,NULL,NULL,'2017-11-05 13:08:02','0000-00-00 00:00:00','2017-11-05 13:08:02',NULL,NULL,NULL,NULL,NULL,NULL,'GET_MASTER_DATA_SERVICE'),(448,NULL,NULL,'2017-11-05 13:08:12','0000-00-00 00:00:00','2017-11-05 13:08:12',NULL,NULL,NULL,NULL,NULL,NULL,''),(449,NULL,NULL,'2017-11-05 13:09:21','0000-00-00 00:00:00','2017-11-05 13:09:21',NULL,NULL,NULL,NULL,NULL,NULL,'GET_MASTER_DATA_SERVICE'),(450,NULL,NULL,'2017-11-05 13:09:22','0000-00-00 00:00:00','2017-11-05 13:09:22',NULL,NULL,NULL,NULL,NULL,NULL,'GET_MASTER_DATA_SERVICE'),(451,NULL,NULL,'2017-11-05 13:11:45','0000-00-00 00:00:00','2017-11-05 13:11:45',NULL,NULL,NULL,NULL,NULL,NULL,'GET_MASTER_DATA_SERVICE'),(452,NULL,NULL,'2017-11-05 13:12:40','0000-00-00 00:00:00','2017-11-05 13:12:40',NULL,NULL,NULL,NULL,NULL,NULL,'GET_MASTER_DATA_SERVICE'),(453,NULL,NULL,'2017-11-05 13:12:54','0000-00-00 00:00:00','2017-11-05 13:12:54',NULL,NULL,NULL,NULL,NULL,NULL,''),(454,NULL,NULL,'2017-11-05 13:17:08','0000-00-00 00:00:00','2017-11-05 13:17:08',NULL,NULL,NULL,NULL,NULL,NULL,'GET_MASTER_DATA_SERVICE'),(455,NULL,NULL,'2017-11-05 13:17:14','0000-00-00 00:00:00','2017-11-05 13:17:14',NULL,NULL,NULL,NULL,NULL,NULL,'GET_MASTER_DATA_SERVICE'),(456,NULL,NULL,'2017-11-05 13:17:59','0000-00-00 00:00:00','2017-11-05 13:17:59',NULL,NULL,NULL,NULL,NULL,NULL,'USER_ADD_SERVICE'),(457,NULL,NULL,'2017-11-05 13:18:08','0000-00-00 00:00:00','2017-11-05 13:18:08',NULL,NULL,NULL,NULL,NULL,NULL,'Search_Event'),(458,NULL,NULL,'2017-11-05 14:35:30','0000-00-00 00:00:00','2017-11-05 14:35:30',NULL,NULL,NULL,NULL,NULL,NULL,'GET_MASTER_DATA_SERVICE'),(459,NULL,NULL,'2017-11-05 14:36:10','0000-00-00 00:00:00','2017-11-05 14:36:10',NULL,NULL,NULL,NULL,NULL,NULL,'Search_Event'),(460,NULL,NULL,'2017-11-05 14:36:14','0000-00-00 00:00:00','2017-11-05 14:36:14',NULL,NULL,NULL,NULL,NULL,NULL,'GET_MASTER_DATA_SERVICE'),(461,NULL,NULL,'2017-11-05 14:36:18','0000-00-00 00:00:00','2017-11-05 14:36:18',NULL,NULL,NULL,NULL,NULL,NULL,''),(462,NULL,NULL,'2017-11-05 14:36:24','0000-00-00 00:00:00','2017-11-05 14:36:24',NULL,NULL,NULL,NULL,NULL,NULL,'USER_ADD_SERVICE'),(463,NULL,NULL,'2017-11-05 14:39:08','0000-00-00 00:00:00','2017-11-05 14:39:08',NULL,NULL,NULL,NULL,NULL,NULL,'GET_MASTER_DATA_SERVICE'),(464,NULL,NULL,'2017-11-05 14:39:26','0000-00-00 00:00:00','2017-11-05 14:39:26',NULL,NULL,NULL,NULL,NULL,NULL,'GET_MASTER_DATA_SERVICE'),(465,NULL,NULL,'2017-11-05 14:39:26','0000-00-00 00:00:00','2017-11-05 14:39:26',NULL,NULL,NULL,NULL,NULL,NULL,'GET_MASTER_DATA_SERVICE'),(466,NULL,NULL,'2017-11-05 14:39:30','0000-00-00 00:00:00','2017-11-05 14:39:30',NULL,NULL,NULL,NULL,NULL,NULL,'USER_ADD_SERVICE'),(467,NULL,NULL,'2017-11-05 14:44:38','0000-00-00 00:00:00','2017-11-05 14:44:38',NULL,NULL,NULL,NULL,NULL,NULL,'GET_MASTER_DATA_SERVICE'),(468,NULL,NULL,'2017-11-05 14:44:39','0000-00-00 00:00:00','2017-11-05 14:44:39',NULL,NULL,NULL,NULL,NULL,NULL,'GET_MASTER_DATA_SERVICE'),(469,NULL,NULL,'2017-11-05 14:45:06','0000-00-00 00:00:00','2017-11-05 14:45:06',NULL,NULL,NULL,NULL,NULL,NULL,'GET_MASTER_DATA_SERVICE'),(470,NULL,NULL,'2017-11-05 14:45:06','0000-00-00 00:00:00','2017-11-05 14:45:06',NULL,NULL,NULL,NULL,NULL,NULL,'GET_MASTER_DATA_SERVICE'),(471,NULL,NULL,'2017-11-05 14:46:34','0000-00-00 00:00:00','2017-11-05 14:46:34',NULL,NULL,NULL,NULL,NULL,NULL,'GET_MASTER_DATA_SERVICE'),(472,NULL,NULL,'2017-11-05 14:46:34','0000-00-00 00:00:00','2017-11-05 14:46:34',NULL,NULL,NULL,NULL,NULL,NULL,'GET_MASTER_DATA_SERVICE'),(473,NULL,NULL,'2017-11-05 14:47:23','0000-00-00 00:00:00','2017-11-05 14:47:23',NULL,NULL,NULL,NULL,NULL,NULL,'GET_MASTER_DATA_SERVICE'),(474,NULL,NULL,'2017-11-05 14:47:23','0000-00-00 00:00:00','2017-11-05 14:47:23',NULL,NULL,NULL,NULL,NULL,NULL,'GET_MASTER_DATA_SERVICE'),(475,NULL,NULL,'2017-11-05 14:47:35','0000-00-00 00:00:00','2017-11-05 14:47:35',NULL,NULL,NULL,NULL,NULL,NULL,'GET_MASTER_DATA_SERVICE'),(476,NULL,NULL,'2017-11-05 14:47:35','0000-00-00 00:00:00','2017-11-05 14:47:35',NULL,NULL,NULL,NULL,NULL,NULL,'GET_MASTER_DATA_SERVICE'),(477,NULL,NULL,'2017-11-05 14:48:06','0000-00-00 00:00:00','2017-11-05 14:48:06',NULL,NULL,NULL,NULL,NULL,NULL,'GET_MASTER_DATA_SERVICE'),(478,NULL,NULL,'2017-11-05 14:48:06','0000-00-00 00:00:00','2017-11-05 14:48:06',NULL,NULL,NULL,NULL,NULL,NULL,'GET_MASTER_DATA_SERVICE'),(479,NULL,NULL,'2017-11-05 14:48:11','0000-00-00 00:00:00','2017-11-05 14:48:11',NULL,NULL,NULL,NULL,NULL,NULL,'GET_MASTER_DATA_SERVICE'),(480,NULL,NULL,'2017-11-05 14:48:11','0000-00-00 00:00:00','2017-11-05 14:48:11',NULL,NULL,NULL,NULL,NULL,NULL,'GET_MASTER_DATA_SERVICE'),(481,NULL,NULL,'2017-11-05 14:48:29','0000-00-00 00:00:00','2017-11-05 14:48:29',NULL,NULL,NULL,NULL,NULL,NULL,'GET_MASTER_DATA_SERVICE'),(482,NULL,NULL,'2017-11-05 14:48:29','0000-00-00 00:00:00','2017-11-05 14:48:29',NULL,NULL,NULL,NULL,NULL,NULL,'GET_MASTER_DATA_SERVICE'),(483,NULL,NULL,'2017-11-05 14:48:30','0000-00-00 00:00:00','2017-11-05 14:48:30',NULL,NULL,NULL,NULL,NULL,NULL,'GET_MASTER_DATA_SERVICE'),(484,NULL,NULL,'2017-11-05 14:48:30','0000-00-00 00:00:00','2017-11-05 14:48:30',NULL,NULL,NULL,NULL,NULL,NULL,'GET_MASTER_DATA_SERVICE'),(485,NULL,NULL,'2017-11-05 14:48:45','0000-00-00 00:00:00','2017-11-05 14:48:45',NULL,NULL,NULL,NULL,NULL,NULL,'GET_MASTER_DATA_SERVICE'),(486,NULL,NULL,'2017-11-05 14:48:45','0000-00-00 00:00:00','2017-11-05 14:48:45',NULL,NULL,NULL,NULL,NULL,NULL,'GET_MASTER_DATA_SERVICE'),(487,NULL,NULL,'2017-11-05 14:49:31','0000-00-00 00:00:00','2017-11-05 14:49:31',NULL,NULL,NULL,NULL,NULL,NULL,'GET_MASTER_DATA_SERVICE'),(488,NULL,NULL,'2017-11-05 14:49:31','0000-00-00 00:00:00','2017-11-05 14:49:31',NULL,NULL,NULL,NULL,NULL,NULL,'GET_MASTER_DATA_SERVICE'),(489,NULL,NULL,'2017-11-05 14:49:35','0000-00-00 00:00:00','2017-11-05 14:49:35',NULL,NULL,NULL,NULL,NULL,NULL,'GET_MASTER_DATA_SERVICE'),(490,NULL,NULL,'2017-11-05 14:49:41','0000-00-00 00:00:00','2017-11-05 14:49:41',NULL,NULL,NULL,NULL,NULL,NULL,'GET_MASTER_DATA_SERVICE'),(491,NULL,NULL,'2017-11-05 14:49:52','0000-00-00 00:00:00','2017-11-05 14:49:52',NULL,NULL,NULL,NULL,NULL,NULL,''),(492,NULL,NULL,'2017-11-05 14:49:57','0000-00-00 00:00:00','2017-11-05 14:49:57',NULL,NULL,NULL,NULL,NULL,NULL,'GET_MASTER_DATA_SERVICE'),(493,NULL,NULL,'2017-11-05 14:50:25','0000-00-00 00:00:00','2017-11-05 14:50:25',NULL,NULL,NULL,NULL,NULL,NULL,'GET_MASTER_DATA_SERVICE'),(494,NULL,NULL,'2017-11-05 14:50:57','0000-00-00 00:00:00','2017-11-05 14:50:57',NULL,NULL,NULL,NULL,NULL,NULL,'GET_MASTER_DATA_SERVICE'),(495,NULL,NULL,'2017-11-05 14:50:57','0000-00-00 00:00:00','2017-11-05 14:50:57',NULL,NULL,NULL,NULL,NULL,NULL,'GET_MASTER_DATA_SERVICE'),(496,NULL,NULL,'2017-11-05 14:51:17','0000-00-00 00:00:00','2017-11-05 14:51:17',NULL,NULL,NULL,NULL,NULL,NULL,'GET_MASTER_DATA_SERVICE'),(497,NULL,NULL,'2017-11-05 14:51:17','0000-00-00 00:00:00','2017-11-05 14:51:17',NULL,NULL,NULL,NULL,NULL,NULL,'GET_MASTER_DATA_SERVICE'),(498,NULL,NULL,'2017-11-05 14:51:18','0000-00-00 00:00:00','2017-11-05 14:51:18',NULL,NULL,NULL,NULL,NULL,NULL,'GET_MASTER_DATA_SERVICE'),(499,NULL,NULL,'2017-11-05 14:51:18','0000-00-00 00:00:00','2017-11-05 14:51:18',NULL,NULL,NULL,NULL,NULL,NULL,'GET_MASTER_DATA_SERVICE'),(500,NULL,NULL,'2017-11-05 14:51:36','0000-00-00 00:00:00','2017-11-05 14:51:36',NULL,NULL,NULL,NULL,NULL,NULL,'GET_MASTER_DATA_SERVICE'),(501,NULL,NULL,'2017-11-05 14:51:36','0000-00-00 00:00:00','2017-11-05 14:51:36',NULL,NULL,NULL,NULL,NULL,NULL,'GET_MASTER_DATA_SERVICE'),(502,NULL,NULL,'2017-11-05 14:52:02','0000-00-00 00:00:00','2017-11-05 14:52:02',NULL,NULL,NULL,NULL,NULL,NULL,'GET_MASTER_DATA_SERVICE'),(503,NULL,NULL,'2017-11-05 14:52:02','0000-00-00 00:00:00','2017-11-05 14:52:02',NULL,NULL,NULL,NULL,NULL,NULL,'GET_MASTER_DATA_SERVICE'),(504,NULL,NULL,'2017-11-05 14:52:04','0000-00-00 00:00:00','2017-11-05 14:52:04',NULL,NULL,NULL,NULL,NULL,NULL,'GET_MASTER_DATA_SERVICE'),(505,NULL,NULL,'2017-11-05 14:52:04','0000-00-00 00:00:00','2017-11-05 14:52:04',NULL,NULL,NULL,NULL,NULL,NULL,'GET_MASTER_DATA_SERVICE'),(506,NULL,NULL,'2017-11-05 14:52:23','0000-00-00 00:00:00','2017-11-05 14:52:23',NULL,NULL,NULL,NULL,NULL,NULL,'GET_MASTER_DATA_SERVICE'),(507,NULL,NULL,'2017-11-05 14:52:23','0000-00-00 00:00:00','2017-11-05 14:52:23',NULL,NULL,NULL,NULL,NULL,NULL,'GET_MASTER_DATA_SERVICE'),(508,NULL,NULL,'2017-11-05 14:52:24','0000-00-00 00:00:00','2017-11-05 14:52:24',NULL,NULL,NULL,NULL,NULL,NULL,'Search_Event'),(509,NULL,NULL,'2017-11-05 14:54:14','0000-00-00 00:00:00','2017-11-05 14:54:14',NULL,NULL,NULL,NULL,NULL,NULL,'GET_MASTER_DATA_SERVICE'),(510,NULL,NULL,'2017-11-05 14:54:15','0000-00-00 00:00:00','2017-11-05 14:54:15',NULL,NULL,NULL,NULL,NULL,NULL,'GET_MASTER_DATA_SERVICE'),(511,NULL,NULL,'2017-11-05 14:54:17','0000-00-00 00:00:00','2017-11-05 14:54:17',NULL,NULL,NULL,NULL,NULL,NULL,'GET_MASTER_DATA_SERVICE'),(512,NULL,NULL,'2017-11-05 14:54:27','0000-00-00 00:00:00','2017-11-05 14:54:27',NULL,NULL,NULL,NULL,NULL,NULL,'GET_MASTER_DATA_SERVICE'),(513,NULL,NULL,'2017-11-05 14:54:28','0000-00-00 00:00:00','2017-11-05 14:54:28',NULL,NULL,NULL,NULL,NULL,NULL,'GET_MASTER_DATA_SERVICE'),(514,NULL,NULL,'2017-11-05 14:54:37','0000-00-00 00:00:00','2017-11-05 14:54:37',NULL,NULL,NULL,NULL,NULL,NULL,'GET_MASTER_DATA_SERVICE'),(515,NULL,NULL,'2017-11-05 14:54:37','0000-00-00 00:00:00','2017-11-05 14:54:37',NULL,NULL,NULL,NULL,NULL,NULL,'GET_MASTER_DATA_SERVICE'),(516,NULL,NULL,'2017-11-05 14:55:27','0000-00-00 00:00:00','2017-11-05 14:55:27',NULL,NULL,NULL,NULL,NULL,NULL,'GET_MASTER_DATA_SERVICE'),(517,NULL,NULL,'2017-11-05 14:55:28','0000-00-00 00:00:00','2017-11-05 14:55:28',NULL,NULL,NULL,NULL,NULL,NULL,'GET_MASTER_DATA_SERVICE'),(518,NULL,NULL,'2017-11-05 14:55:31','0000-00-00 00:00:00','2017-11-05 14:55:31',NULL,NULL,NULL,NULL,NULL,NULL,'GET_MASTER_DATA_SERVICE'),(519,NULL,NULL,'2017-11-05 14:55:32','0000-00-00 00:00:00','2017-11-05 14:55:32',NULL,NULL,NULL,NULL,NULL,NULL,'GET_MASTER_DATA_SERVICE'),(520,NULL,NULL,'2017-11-05 14:55:54','0000-00-00 00:00:00','2017-11-05 14:55:54',NULL,NULL,NULL,NULL,NULL,NULL,'GET_MASTER_DATA_SERVICE'),(521,NULL,NULL,'2017-11-05 16:06:55','0000-00-00 00:00:00','2017-11-05 16:06:55',NULL,NULL,NULL,NULL,NULL,NULL,'GET_MASTER_DATA_SERVICE'),(522,NULL,NULL,'2017-11-05 16:08:48','0000-00-00 00:00:00','2017-11-05 16:08:48',NULL,NULL,NULL,NULL,NULL,NULL,'GET_MASTER_DATA_SERVICE'),(523,NULL,NULL,'2017-11-05 16:08:51','0000-00-00 00:00:00','2017-11-05 16:08:51',NULL,NULL,NULL,NULL,NULL,NULL,'GET_MASTER_DATA_SERVICE'),(524,NULL,NULL,'2017-11-05 16:10:50','0000-00-00 00:00:00','2017-11-05 16:10:50',NULL,NULL,NULL,NULL,NULL,NULL,'GET_MASTER_DATA_SERVICE'),(525,NULL,NULL,'2017-11-05 16:10:52','0000-00-00 00:00:00','2017-11-05 16:10:52',NULL,NULL,NULL,NULL,NULL,NULL,'GET_MASTER_DATA_SERVICE'),(526,NULL,NULL,'2017-11-05 16:11:45','0000-00-00 00:00:00','2017-11-05 16:11:45',NULL,NULL,NULL,NULL,NULL,NULL,'GET_MASTER_DATA_SERVICE'),(527,NULL,NULL,'2017-11-05 16:11:45','0000-00-00 00:00:00','2017-11-05 16:11:45',NULL,NULL,NULL,NULL,NULL,NULL,'GET_MASTER_DATA_SERVICE'),(528,NULL,NULL,'2017-11-05 16:11:57','0000-00-00 00:00:00','2017-11-05 16:11:57',NULL,NULL,NULL,NULL,NULL,NULL,'GET_MASTER_DATA_SERVICE'),(529,NULL,NULL,'2017-11-05 16:11:57','0000-00-00 00:00:00','2017-11-05 16:11:57',NULL,NULL,NULL,NULL,NULL,NULL,'GET_MASTER_DATA_SERVICE'),(530,NULL,NULL,'2017-11-05 16:13:09','0000-00-00 00:00:00','2017-11-05 16:13:09',NULL,NULL,NULL,NULL,NULL,NULL,'GET_MASTER_DATA_SERVICE'),(531,NULL,NULL,'2017-11-05 16:13:10','0000-00-00 00:00:00','2017-11-05 16:13:10',NULL,NULL,NULL,NULL,NULL,NULL,'GET_MASTER_DATA_SERVICE'),(532,NULL,NULL,'2017-11-05 16:13:23','0000-00-00 00:00:00','2017-11-05 16:13:23',NULL,NULL,NULL,NULL,NULL,NULL,'GET_MASTER_DATA_SERVICE'),(533,NULL,NULL,'2017-11-05 16:14:13','0000-00-00 00:00:00','2017-11-05 16:14:13',NULL,NULL,NULL,NULL,NULL,NULL,'GET_MASTER_DATA_SERVICE'),(534,NULL,NULL,'2017-11-05 16:17:18','0000-00-00 00:00:00','2017-11-05 16:17:18',NULL,NULL,NULL,NULL,NULL,NULL,'GET_MASTER_DATA_SERVICE'),(535,NULL,NULL,'2017-11-05 16:17:27','0000-00-00 00:00:00','2017-11-05 16:17:27',NULL,NULL,NULL,NULL,NULL,NULL,'GET_MASTER_DATA_SERVICE'),(536,NULL,NULL,'2017-11-05 16:18:53','0000-00-00 00:00:00','2017-11-05 16:18:53',NULL,NULL,NULL,NULL,NULL,NULL,'GET_MASTER_DATA_SERVICE'),(537,NULL,NULL,'2017-11-05 16:19:22','0000-00-00 00:00:00','2017-11-05 16:19:22',NULL,NULL,NULL,NULL,NULL,NULL,'GET_MASTER_DATA_SERVICE'),(538,NULL,NULL,'2017-11-05 16:22:16','0000-00-00 00:00:00','2017-11-05 16:22:16',NULL,NULL,NULL,NULL,NULL,NULL,'GET_MASTER_DATA_SERVICE'),(539,NULL,NULL,'2017-11-05 16:22:16','0000-00-00 00:00:00','2017-11-05 16:22:16',NULL,NULL,NULL,NULL,NULL,NULL,'GET_MASTER_DATA_SERVICE'),(540,NULL,NULL,'2017-11-05 16:23:15','0000-00-00 00:00:00','2017-11-05 16:23:15',NULL,NULL,NULL,NULL,NULL,NULL,'GET_MASTER_DATA_SERVICE'),(541,NULL,NULL,'2017-11-05 16:23:15','0000-00-00 00:00:00','2017-11-05 16:23:15',NULL,NULL,NULL,NULL,NULL,NULL,'GET_MASTER_DATA_SERVICE'),(542,NULL,NULL,'2017-11-05 16:24:35','0000-00-00 00:00:00','2017-11-05 16:24:35',NULL,NULL,NULL,NULL,NULL,NULL,'GET_MASTER_DATA_SERVICE'),(543,NULL,NULL,'2017-11-05 16:24:35','0000-00-00 00:00:00','2017-11-05 16:24:35',NULL,NULL,NULL,NULL,NULL,NULL,'GET_MASTER_DATA_SERVICE'),(544,NULL,NULL,'2017-11-05 16:24:49','0000-00-00 00:00:00','2017-11-05 16:24:49',NULL,NULL,NULL,NULL,NULL,NULL,'GET_MASTER_DATA_SERVICE'),(545,NULL,NULL,'2017-11-05 16:24:49','0000-00-00 00:00:00','2017-11-05 16:24:49',NULL,NULL,NULL,NULL,NULL,NULL,'GET_MASTER_DATA_SERVICE'),(546,NULL,NULL,'2017-11-05 16:25:34','0000-00-00 00:00:00','2017-11-05 16:25:34',NULL,NULL,NULL,NULL,NULL,NULL,'GET_MASTER_DATA_SERVICE'),(547,NULL,NULL,'2017-11-05 16:25:34','0000-00-00 00:00:00','2017-11-05 16:25:34',NULL,NULL,NULL,NULL,NULL,NULL,'GET_MASTER_DATA_SERVICE'),(548,NULL,NULL,'2017-11-05 16:25:36','0000-00-00 00:00:00','2017-11-05 16:25:36',NULL,NULL,NULL,NULL,NULL,NULL,'GET_MASTER_DATA_SERVICE'),(549,NULL,NULL,'2017-11-05 16:25:36','0000-00-00 00:00:00','2017-11-05 16:25:36',NULL,NULL,NULL,NULL,NULL,NULL,'GET_MASTER_DATA_SERVICE'),(550,NULL,NULL,'2017-11-05 16:26:02','0000-00-00 00:00:00','2017-11-05 16:26:02',NULL,NULL,NULL,NULL,NULL,NULL,'GET_MASTER_DATA_SERVICE'),(551,NULL,NULL,'2017-11-05 16:26:02','0000-00-00 00:00:00','2017-11-05 16:26:02',NULL,NULL,NULL,NULL,NULL,NULL,'GET_MASTER_DATA_SERVICE'),(552,NULL,NULL,'2017-11-05 16:27:51','0000-00-00 00:00:00','2017-11-05 16:27:51',NULL,NULL,NULL,NULL,NULL,NULL,'GET_MASTER_DATA_SERVICE'),(553,NULL,NULL,'2017-11-05 16:27:51','0000-00-00 00:00:00','2017-11-05 16:27:51',NULL,NULL,NULL,NULL,NULL,NULL,'GET_MASTER_DATA_SERVICE'),(554,NULL,NULL,'2017-11-05 16:28:35','0000-00-00 00:00:00','2017-11-05 16:28:35',NULL,NULL,NULL,NULL,NULL,NULL,'GET_MASTER_DATA_SERVICE'),(555,NULL,NULL,'2017-11-05 16:28:35','0000-00-00 00:00:00','2017-11-05 16:28:35',NULL,NULL,NULL,NULL,NULL,NULL,'GET_MASTER_DATA_SERVICE'),(556,NULL,NULL,'2017-11-05 16:29:12','0000-00-00 00:00:00','2017-11-05 16:29:12',NULL,NULL,NULL,NULL,NULL,NULL,'GET_MASTER_DATA_SERVICE'),(557,NULL,NULL,'2017-11-05 16:29:12','0000-00-00 00:00:00','2017-11-05 16:29:12',NULL,NULL,NULL,NULL,NULL,NULL,'GET_MASTER_DATA_SERVICE'),(558,NULL,NULL,'2017-11-05 16:29:39','0000-00-00 00:00:00','2017-11-05 16:29:39',NULL,NULL,NULL,NULL,NULL,NULL,'GET_MASTER_DATA_SERVICE'),(559,NULL,NULL,'2017-11-05 16:29:39','0000-00-00 00:00:00','2017-11-05 16:29:39',NULL,NULL,NULL,NULL,NULL,NULL,'GET_MASTER_DATA_SERVICE'),(560,NULL,NULL,'2017-11-05 16:30:21','0000-00-00 00:00:00','2017-11-05 16:30:21',NULL,NULL,NULL,NULL,NULL,NULL,'GET_MASTER_DATA_SERVICE'),(561,NULL,NULL,'2017-11-05 16:30:21','0000-00-00 00:00:00','2017-11-05 16:30:21',NULL,NULL,NULL,NULL,NULL,NULL,'GET_MASTER_DATA_SERVICE'),(562,NULL,NULL,'2017-11-05 16:31:25','0000-00-00 00:00:00','2017-11-05 16:31:25',NULL,NULL,NULL,NULL,NULL,NULL,'GET_MASTER_DATA_SERVICE'),(563,NULL,NULL,'2017-11-05 16:31:25','0000-00-00 00:00:00','2017-11-05 16:31:25',NULL,NULL,NULL,NULL,NULL,NULL,'GET_MASTER_DATA_SERVICE'),(564,NULL,NULL,'2017-11-05 16:31:34','0000-00-00 00:00:00','2017-11-05 16:31:34',NULL,NULL,NULL,NULL,NULL,NULL,'GET_MASTER_DATA_SERVICE'),(565,NULL,NULL,'2017-11-05 16:31:34','0000-00-00 00:00:00','2017-11-05 16:31:34',NULL,NULL,NULL,NULL,NULL,NULL,'GET_MASTER_DATA_SERVICE'),(566,NULL,NULL,'2017-11-05 16:31:44','0000-00-00 00:00:00','2017-11-05 16:31:44',NULL,NULL,NULL,NULL,NULL,NULL,'GET_MASTER_DATA_SERVICE'),(567,NULL,NULL,'2017-11-05 16:31:44','0000-00-00 00:00:00','2017-11-05 16:31:44',NULL,NULL,NULL,NULL,NULL,NULL,'GET_MASTER_DATA_SERVICE'),(568,NULL,NULL,'2017-11-05 16:32:01','0000-00-00 00:00:00','2017-11-05 16:32:01',NULL,NULL,NULL,NULL,NULL,NULL,'GET_MASTER_DATA_SERVICE'),(569,NULL,NULL,'2017-11-05 16:32:01','0000-00-00 00:00:00','2017-11-05 16:32:01',NULL,NULL,NULL,NULL,NULL,NULL,'GET_MASTER_DATA_SERVICE'),(570,NULL,NULL,'2017-11-05 16:32:02','0000-00-00 00:00:00','2017-11-05 16:32:02',NULL,NULL,NULL,NULL,NULL,NULL,'GET_MASTER_DATA_SERVICE'),(571,NULL,NULL,'2017-11-05 16:32:03','0000-00-00 00:00:00','2017-11-05 16:32:03',NULL,NULL,NULL,NULL,NULL,NULL,'GET_MASTER_DATA_SERVICE'),(572,NULL,NULL,'2017-11-05 16:33:12','0000-00-00 00:00:00','2017-11-05 16:33:12',NULL,NULL,NULL,NULL,NULL,NULL,'GET_MASTER_DATA_SERVICE'),(573,NULL,NULL,'2017-11-05 16:33:12','0000-00-00 00:00:00','2017-11-05 16:33:12',NULL,NULL,NULL,NULL,NULL,NULL,'GET_MASTER_DATA_SERVICE'),(574,NULL,NULL,'2017-11-05 16:33:14','0000-00-00 00:00:00','2017-11-05 16:33:14',NULL,NULL,NULL,NULL,NULL,NULL,'GET_MASTER_DATA_SERVICE'),(575,NULL,NULL,'2017-11-05 16:33:14','0000-00-00 00:00:00','2017-11-05 16:33:14',NULL,NULL,NULL,NULL,NULL,NULL,'GET_MASTER_DATA_SERVICE'),(576,NULL,NULL,'2017-11-05 16:33:30','0000-00-00 00:00:00','2017-11-05 16:33:30',NULL,NULL,NULL,NULL,NULL,NULL,''),(577,NULL,NULL,'2017-11-05 18:07:56','0000-00-00 00:00:00','2017-11-05 18:07:56',NULL,NULL,NULL,NULL,NULL,NULL,'GET_MASTER_DATA_SERVICE'),(578,NULL,NULL,'2017-11-05 18:08:01','0000-00-00 00:00:00','2017-11-05 18:08:01',NULL,NULL,NULL,NULL,NULL,NULL,'GET_MASTER_DATA_SERVICE'),(579,NULL,NULL,'2017-11-05 18:08:05','0000-00-00 00:00:00','2017-11-05 18:08:05',NULL,NULL,NULL,NULL,NULL,NULL,'Search_Event'),(580,NULL,NULL,'2017-11-05 18:08:08','0000-00-00 00:00:00','2017-11-05 18:08:08',NULL,NULL,NULL,NULL,NULL,NULL,'GET_MASTER_DATA_SERVICE'),(581,NULL,NULL,'2017-11-05 18:08:13','0000-00-00 00:00:00','2017-11-05 18:08:13',NULL,NULL,NULL,NULL,NULL,NULL,''),(582,NULL,NULL,'2017-11-05 18:08:17','0000-00-00 00:00:00','2017-11-05 18:08:17',NULL,NULL,NULL,NULL,NULL,NULL,'USER_ADD_SERVICE'),(583,NULL,NULL,'2017-11-05 18:16:19','0000-00-00 00:00:00','2017-11-05 18:16:19',NULL,NULL,NULL,NULL,NULL,NULL,'GET_MASTER_DATA_SERVICE'),(584,NULL,NULL,'2017-11-05 18:16:19','0000-00-00 00:00:00','2017-11-05 18:16:19',NULL,NULL,NULL,NULL,NULL,NULL,'GET_MASTER_DATA_SERVICE'),(585,NULL,NULL,'2017-11-05 18:17:09','0000-00-00 00:00:00','2017-11-05 18:17:09',NULL,NULL,NULL,NULL,NULL,NULL,'USER_ADD_SERVICE'),(586,NULL,NULL,'2017-11-05 18:17:20','0000-00-00 00:00:00','2017-11-05 18:17:20',NULL,NULL,NULL,NULL,NULL,NULL,'Search_Event');

/*Table structure for table `user_album` */

DROP TABLE IF EXISTS `user_album`;

CREATE TABLE `user_album` (
  `user_album_id` bigint(20) NOT NULL AUTO_INCREMENT,
  `login_id` bigint(20) DEFAULT NULL,
  `user_album_name` varchar(100) DEFAULT NULL,
  `create_by` varchar(100) DEFAULT NULL,
  `created_on` timestamp NOT NULL DEFAULT CURRENT_TIMESTAMP ON UPDATE CURRENT_TIMESTAMP,
  `modified_by` varchar(100) DEFAULT NULL,
  `modified_on` timestamp NOT NULL DEFAULT '0000-00-00 00:00:00',
  PRIMARY KEY (`user_album_id`)
) ENGINE=InnoDB DEFAULT CHARSET=latin1;

/*Data for the table `user_album` */

/*Table structure for table `user_details` */

DROP TABLE IF EXISTS `user_details`;

CREATE TABLE `user_details` (
  `user_details_id` bigint(20) NOT NULL AUTO_INCREMENT,
  `login_id` bigint(20) DEFAULT NULL,
  `full_name` varchar(100) DEFAULT NULL,
  `mobile` varchar(50) DEFAULT NULL,
  `created_by` varchar(100) DEFAULT NULL,
  `created_on` timestamp NULL DEFAULT NULL,
  `modified_by` varchar(100) DEFAULT NULL,
  `modified_on` timestamp NULL DEFAULT NULL,
  `city_id` bigint(20) DEFAULT NULL,
  `dob` timestamp NULL DEFAULT NULL,
  `imagepath` varchar(255) DEFAULT NULL,
  `gender` varchar(10) DEFAULT NULL,
  PRIMARY KEY (`user_details_id`)
) ENGINE=InnoDB AUTO_INCREMENT=10 DEFAULT CHARSET=latin1;

/*Data for the table `user_details` */

insert  into `user_details`(`user_details_id`,`login_id`,`full_name`,`mobile`,`created_by`,`created_on`,`modified_by`,`modified_on`,`city_id`,`dob`,`imagepath`,`gender`) values (1,1,'Amitkumar',NULL,'Amit','2017-10-19 05:28:50','Amit','2017-10-19 05:28:50',NULL,NULL,'images Path',NULL),(2,2,'AmitKumar','989039344','Amit','2017-10-19 12:18:38','Amit','2017-10-19 12:18:38',NULL,NULL,'images Path',NULL),(3,3,'AmitKumar','9890393441234','Amit','2017-10-19 12:20:59','Amit','2017-10-19 12:20:59',NULL,NULL,'images Path',NULL),(4,4,'asdfgasdfg','2345','asdfg','2017-10-19 12:24:20','asdfg','2017-10-19 12:24:20',NULL,NULL,'images Path',NULL),(5,5,'wertwert','erty4567','wert','2017-10-19 12:30:03','wert','2017-10-19 12:30:03',NULL,NULL,'images Path',NULL),(6,6,'AmitKumar','12345678','Amit','2017-11-04 17:21:22','Amit','2017-11-04 17:21:22',NULL,NULL,'images Path',NULL),(7,7,'AmitKumar','12345678','Amit','2017-11-04 17:23:38','Amit','2017-11-04 17:23:38',NULL,NULL,'images Path',NULL),(8,8,'dfghhj','234567','dfgh','2017-11-04 17:46:36','dfgh','2017-11-04 17:46:36',NULL,NULL,'images Path',NULL),(9,9,'nullnull',NULL,NULL,'2017-11-05 14:36:24',NULL,'2017-11-05 14:36:24',NULL,NULL,'images Path',NULL);

/*Table structure for table `user_role` */

DROP TABLE IF EXISTS `user_role`;

CREATE TABLE `user_role` (
  `role_id` bigint(20) NOT NULL AUTO_INCREMENT,
  `role_type` varchar(100) DEFAULT NULL,
  `created_by` varchar(100) DEFAULT NULL,
  `created_on` timestamp NOT NULL DEFAULT CURRENT_TIMESTAMP ON UPDATE CURRENT_TIMESTAMP,
  `modified_by` varchar(100) DEFAULT NULL,
  `modified_on` timestamp NOT NULL DEFAULT '0000-00-00 00:00:00',
  PRIMARY KEY (`role_id`)
) ENGINE=InnoDB DEFAULT CHARSET=latin1;

/*Data for the table `user_role` */

/*Table structure for table `user_role_mapping` */

DROP TABLE IF EXISTS `user_role_mapping`;

CREATE TABLE `user_role_mapping` (
  `user_role_mapping_id` bigint(20) unsigned NOT NULL,
  `role_id` bigint(20) DEFAULT NULL,
  `login_id` bigint(20) DEFAULT NULL,
  `created_by` varchar(100) DEFAULT NULL,
  `created_on` timestamp NOT NULL DEFAULT CURRENT_TIMESTAMP ON UPDATE CURRENT_TIMESTAMP,
  `modified_by` varchar(100) DEFAULT NULL,
  `modified_on` timestamp NOT NULL DEFAULT '0000-00-00 00:00:00',
  PRIMARY KEY (`user_role_mapping_id`)
) ENGINE=InnoDB DEFAULT CHARSET=latin1;

/*Data for the table `user_role_mapping` */

/*!40101 SET SQL_MODE=@OLD_SQL_MODE */;
/*!40014 SET FOREIGN_KEY_CHECKS=@OLD_FOREIGN_KEY_CHECKS */;
/*!40014 SET UNIQUE_CHECKS=@OLD_UNIQUE_CHECKS */;
/*!40111 SET SQL_NOTES=@OLD_SQL_NOTES */;
